mean_fit_time,std_fit_time,mean_score_time,std_score_time,param_class_weight,param_max_depth,param_max_features,param_min_samples_leaf,param_min_samples_split,param_n_estimators,params,split0_test_AUC,split1_test_AUC,split2_test_AUC,split3_test_AUC,split4_test_AUC,mean_test_AUC,std_test_AUC,rank_test_AUC,split0_test_F1,split1_test_F1,split2_test_F1,split3_test_F1,split4_test_F1,mean_test_F1,std_test_F1,rank_test_F1
0.5414470672607422,0.17182267895533543,0.6417690277099609,0.11541260347053177,balanced,15,sqrt,15,12,171,"{'class_weight': 'balanced', 'max_depth': 15, 'max_features': 'sqrt', 'min_samples_leaf': 15, 'min_samples_split': 12, 'n_estimators': 171}",0.9682832690048666,0.9684881949733435,0.9860894982546158,0.9841758842578964,0.9722841401354249,0.9758641973252293,0.007724423773187917,77,0.9152122839402583,0.9245261064567994,0.9238234428228961,0.944284392480128,0.9328132228624301,0.9281318897125024,0.009811206108492796,68
1.400203800201416,0.24855674027109503,2.392100477218628,1.7008017099177162,balanced,20,,19,12,187,"{'class_weight': 'balanced', 'max_depth': 20, 'max_features': None, 'min_samples_leaf': 19, 'min_samples_split': 12, 'n_estimators': 187}",0.9706431448229569,0.9708682406702208,0.983050847457627,0.9845018294990957,0.9771312613029398,0.9772390647505681,0.005841742047780556,62,0.9065489176036248,0.9348713717525599,0.922887664549775,0.9368402237456367,0.9358098162089413,0.9273915987721075,0.011582682628074036,73
5.43540244102478,0.5239539173993825,0.9960108757019043,0.6189697551456682,balanced,15,,2,13,393,"{'class_weight': 'balanced', 'max_depth': 15, 'max_features': None, 'min_samples_leaf': 2, 'min_samples_split': 13, 'n_estimators': 393}",0.9756251048833696,0.9764005246678514,0.9851537199814947,0.9851221768936367,0.9782352693779703,0.9801073591608646,0.004194045778168072,6,0.9270641047155561,0.9374629770669374,0.9317828153257349,0.9524540522353534,0.9250641376119778,0.9347656173911119,0.009823294681700812,17
2.1965782165527346,0.5148228033182909,1.1232271671295166,0.4878723020051381,"{0: 1, 1: 3}",20,sqrt,12,13,444,"{'class_weight': {0: 1, 1: 3}, 'max_depth': 20, 'max_features': 'sqrt', 'min_samples_leaf': 12, 'min_samples_split': 13, 'n_estimators': 444}",0.9691852659842256,0.9706884149953457,0.9861315557050931,0.9850590907179206,0.9731463178702107,0.9768421290545592,0.007265902223173076,69,0.918925155227387,0.9257637302191757,0.9250641376119778,0.9492471716364554,0.9305421205366531,0.9299084630463298,0.010350521933862947,57
1.5055822372436523,0.4133636540409699,0.4369504928588867,0.3577683436296856,balanced,45,,15,13,154,"{'class_weight': 'balanced', 'max_depth': 45, 'max_features': None, 'min_samples_leaf': 15, 'min_samples_split': 13, 'n_estimators': 154}",0.9699404262460145,0.972105864432597,0.9831665054464397,0.9855427513984102,0.9774782352693779,0.977646756558568,0.006048665541401889,55,0.913974660177882,0.9385842430396886,0.9198910712032636,0.9380809185347185,0.9358098162089413,0.9292681418328987,0.010286576818932141,60
1.4852388858795167,0.45426469405626474,0.6651499748229981,0.4563619887247219,"{0: 1, 1: 3}",40,,5,8,120,"{'class_weight': {0: 1, 1: 3}, 'max_depth': 40, 'max_features': None, 'min_samples_leaf': 5, 'min_samples_split': 8, 'n_estimators': 120}",0.9745972478603793,0.9757129559109758,0.9846805736636246,0.987961054800858,0.9773625772805654,0.9800628819032806,0.005287548940643167,9,0.922826816579963,0.9404988575780655,0.9300269167683055,0.9512133574462717,0.9250641376119778,0.9339260171969167,0.010573386513683933,28
1.1823228359222413,0.1992543599648377,0.44080424308776855,0.10648561228839046,balanced,30,log2,4,15,341,"{'class_weight': 'balanced', 'max_depth': 30, 'max_features': 'log2', 'min_samples_leaf': 4, 'min_samples_split': 15, 'n_estimators': 341}",0.9706536331599261,0.9711115342303461,0.9869516759894015,0.985879211002229,0.9733986625730747,0.9775989433909956,0.00726639676240976,56,0.923875650276892,0.9294766015063044,0.938501493039492,0.9534844597720488,0.9317828153257349,0.9354242039840944,0.010174923354797225,13
1.4414008617401124,0.19027195027057298,0.3367005348205566,0.06274395037862958,"{0: 1, 1: 3}",40,log2,2,16,363,"{'class_weight': {0: 1, 1: 3}, 'max_depth': 40, 'max_features': 'log2', 'min_samples_leaf': 2, 'min_samples_split': 16, 'n_estimators': 363}",0.9707585165296191,0.9738829652195989,0.9885288303823022,0.9856058375741262,0.9744711275602473,0.9786494554531787,0.007048944196485603,38,0.923875650276892,0.9331894727934331,0.9325083063464692,0.954209950792783,0.9300269167683055,0.9347620593955766,0.010263609408245396,18
0.6468729019165039,0.02520140667181207,0.1657102108001709,0.03655697000234824,balanced,10,log2,17,5,149,"{'class_weight': 'balanced', 'max_depth': 10, 'max_features': 'log2', 'min_samples_leaf': 17, 'min_samples_split': 5, 'n_estimators': 149}",0.9632698439335459,0.9611259202843361,0.9819678681078353,0.9805168860663667,0.9647137990495015,0.9703188634883171,0.009003494898387058,98,0.9199739889243161,0.9060781078107811,0.9268200361694074,0.9455250872692098,0.9066640030281363,0.9210122446403701,0.014591698676513715,94
1.276848316192627,0.1167984809815021,0.19935407638549804,0.01560227174155225,"{0: 1, 1: 3}",15,log2,6,11,359,"{'class_weight': {0: 1, 1: 3}, 'max_depth': 15, 'max_features': 'log2', 'min_samples_leaf': 6, 'min_samples_split': 11, 'n_estimators': 359}",0.969059405940594,0.9699691122958449,0.9860474408041384,0.9848067460150566,0.9729991167935399,0.9765763643698347,0.007353878093478433,71,0.923875650276892,0.9264407209951764,0.9220675442654666,0.9504878664255374,0.9105963746477689,0.9266936313221683,0.013074348617480858,76
1.1250237464904784,0.062016768803571494,0.17069263458251954,0.020197972024142412,"{0: 1, 1: 3}",5,log2,12,3,301,"{'class_weight': {0: 1, 1: 3}, 'max_depth': 5, 'max_features': 'log2', 'min_samples_leaf': 12, 'min_samples_split': 3, 'n_estimators': 301}",0.9597877160597416,0.9585448929508334,0.9801593977373092,0.9790238465744208,0.9623585818227699,0.9679748870290149,0.009571198976104279,99,0.9097373720422889,0.8951722095286451,0.9208268494763846,0.934053917651512,0.8964335281995205,0.9112447753796703,0.014778672444171885,100
1.0527853965759277,0.044938698101675306,0.21147527694702148,0.03950965059648037,"{0: 1, 1: 3}",15,log2,16,16,314,"{'class_weight': {0: 1, 1: 3}, 'max_depth': 15, 'max_features': 'log2', 'min_samples_leaf': 16, 'min_samples_split': 16, 'n_estimators': 314}",0.963164960563853,0.9633049843445882,0.9815052361525844,0.9801804264625479,0.9667956428481305,0.9709902500743407,0.008159870946455611,96,0.9152122839402583,0.9092303461115342,0.9263048324010598,0.9467657820582916,0.9073894940488707,0.9209805477120028,0.014486429249538146,95
1.1425620555877685,0.022619477958209795,0.2260136604309082,0.03538388293434124,"{0: 1, 1: 3}",40,log2,8,17,336,"{'class_weight': {0: 1, 1: 3}, 'max_depth': 40, 'max_features': 'log2', 'min_samples_leaf': 8, 'min_samples_split': 17, 'n_estimators': 336}",0.968262292330928,0.9687420665143437,0.9852273205198301,0.9842179417083736,0.9707280144677629,0.9754355271082478,0.007634506029555969,80,0.9201627789897633,0.9214902259456714,0.9208268494763846,0.9480064768473736,0.9086301888379525,0.9238233040194291,0.012988287289426866,86
1.0163638114929199,0.060700699470144656,0.16299710273742676,0.015289069662439515,"{0: 1, 1: 3}",20,log2,13,10,256,"{'class_weight': {0: 1, 1: 3}, 'max_depth': 20, 'max_features': 'log2', 'min_samples_leaf': 13, 'min_samples_split': 10, 'n_estimators': 256}",0.9647382111092465,0.9648070576288397,0.982766959666905,0.9817786095806872,0.968646170669134,0.9725474017309624,0.008071809605711017,90,0.9206871958382278,0.9135038503850383,0.9208268494763846,0.9480064768473736,0.9043929007023594,0.9214834546498768,0.014562259326040878,93
1.690584945678711,0.15847120178608265,0.8947110652923584,0.7019999802229021,balanced,,sqrt,7,10,443,"{'class_weight': 'balanced', 'max_depth': None, 'max_features': 'sqrt', 'min_samples_leaf': 7, 'min_samples_split': 10, 'n_estimators': 443}",0.9716185601611008,0.9726559194380976,0.9874143079446523,0.9865731589351054,0.9748706733397822,0.9786265239637476,0.006917228399200289,39,0.9226380265145158,0.9300372344926799,0.9238234428228961,0.9559658493502124,0.9390166968078395,0.9342962499976288,0.012292983626136157,21
5.473965787887574,0.5436329981496474,1.4510968685150147,1.0304710936616024,balanced,35,,11,18,491,"{'class_weight': 'balanced', 'max_depth': 35, 'max_features': None, 'min_samples_leaf': 11, 'min_samples_split': 18, 'n_estimators': 491}",0.9721429770095654,0.9740733688753491,0.9846805736636245,0.985689952475081,0.9787820162341758,0.9790737776515591,0.005446744734412437,31,0.9214004027521395,0.9385842430396886,0.917104765109139,0.9455250872692098,0.9268200361694074,0.9298869068679169,0.010630201678972665,58
2.476384401321411,1.0703826969764367,2.495487403869629,1.4363478203357118,balanced,10,sqrt,5,11,330,"{'class_weight': 'balanced', 'max_depth': 10, 'max_features': 'sqrt', 'min_samples_leaf': 5, 'min_samples_split': 11, 'n_estimators': 330}",0.971261956704145,0.9722962680883472,0.9888022038104051,0.9871199057913109,0.975859023426,0.9790678715640416,0.007438764766877806,32,0.923875650276892,0.9282389777439282,0.933023510114817,0.9559658493502124,0.9432539849434327,0.9368715944858564,0.011519981491305604,7
4.325913763046264,0.8624003126278582,1.4762473106384277,0.7326131681916784,"{0: 1, 1: 3}",40,,9,9,367,"{'class_weight': {0: 1, 1: 3}, 'max_depth': 40, 'max_features': None, 'min_samples_leaf': 9, 'min_samples_split': 9, 'n_estimators': 367}",0.9726464171840914,0.9736819835829736,0.9848698321907726,0.9859422971779451,0.9786032720696471,0.9791487604410859,0.0055017538652991,27,0.9196383621412988,0.941059490564441,0.9183454598982209,0.9534844597720488,0.9280607309584893,0.9321177006668998,0.013404189720167405,42
4.123923683166504,1.233829138053313,2.3437196731567385,1.48650851561073,"{0: 1, 1: 3}",,,5,4,271,"{'class_weight': {0: 1, 1: 3}, 'max_depth': None, 'max_features': None, 'min_samples_leaf': 5, 'min_samples_split': 4, 'n_estimators': 271}",0.974660177882195,0.9752686807142252,0.9854586364974555,0.9868675610884469,0.9775308070824745,0.9799571726529595,0.00517584646032573,11,0.922826816579963,0.9435347380891935,0.9275455271901417,0.9512133574462717,0.9263048324010598,0.9342850543413259,0.011068156815674949,22
5.42940845489502,1.284732788028533,0.7900897979736328,0.27725834114011677,"{0: 1, 1: 3}",25,,3,2,326,"{'class_weight': {0: 1, 1: 3}, 'max_depth': 25, 'max_features': None, 'min_samples_leaf': 3, 'min_samples_split': 2, 'n_estimators': 326}",0.9752685014264137,0.9766015063044766,0.9836501661269293,0.9844913151364763,0.9775938932581907,0.9795210764504972,0.003796708400215194,19,0.9185895284443698,0.9399382245916899,0.9287862219792236,0.9566913403709467,0.9263048324010598,0.934062029557458,0.013221360898138381,25
2.1157583236694335,0.12607410589401485,1.0650304317474366,0.15977606665234695,balanced,10,sqrt,5,15,458,"{'class_weight': 'balanced', 'max_depth': 10, 'max_features': 'sqrt', 'min_samples_leaf': 5, 'min_samples_split': 15, 'n_estimators': 458}",0.971660513508978,0.9723174240500974,0.9881713420532446,0.9870568196155949,0.9760062245026706,0.9790424647461171,0.007162463488340531,33,0.923875650276892,0.9270013539815519,0.9342642049038988,0.9492471716364554,0.9487319678681079,0.9366240697333812,0.010645484657720734,8
5.682307529449463,0.7921160532396344,2.08759183883667,0.9887537434901942,balanced,40,,15,11,479,"{'class_weight': 'balanced', 'max_depth': 40, 'max_features': None, 'min_samples_leaf': 15, 'min_samples_split': 11, 'n_estimators': 479}",0.9705907031381104,0.9711750021155963,0.9835239937754974,0.9856689237498423,0.977730579972242,0.9777378405502578,0.006173072558916879,52,0.9114994126531296,0.9373466192773123,0.9193758674349162,0.9380809185347185,0.9345691214198596,0.9281743878639872,0.010757607134524151,67
2.375512170791626,0.5161390395618902,1.9330333709716796,1.2416782121597127,balanced,10,,7,18,151,"{'class_weight': 'balanced', 'max_depth': 10, 'max_features': None, 'min_samples_leaf': 7, 'min_samples_split': 18, 'n_estimators': 151}",0.9721220003356268,0.9749830752306001,0.9857320099255583,0.9869306472641628,0.9771207469403205,0.9793776959392538,0.005907216071927553,20,0.9221136096660513,0.9422971143268173,0.9280607309584893,0.9589624426967237,0.9238234428228961,0.9350514680941956,0.013903677453618077,16
1.7114935398101807,0.2422537689761822,0.2579296588897705,0.04236419709334468,balanced,15,log2,5,8,336,"{'class_weight': 'balanced', 'max_depth': 15, 'max_features': 'log2', 'min_samples_leaf': 5, 'min_samples_split': 8, 'n_estimators': 336}",0.9696677294848128,0.9707095709570958,0.9865100727593894,0.9855006939479328,0.9737982083526097,0.9772372551003681,0.007293901422106601,63,0.923875650276892,0.9294766015063044,0.9293014257475712,0.9534844597720488,0.9287862219792236,0.932984871856408,0.010456724337698746,34
1.219638967514038,0.28280899030550904,0.29496397972106936,0.05205314013463055,balanced,15,sqrt,7,3,269,"{'class_weight': 'balanced', 'max_depth': 15, 'max_features': 'sqrt', 'min_samples_leaf': 7, 'min_samples_split': 3, 'n_estimators': 269}",0.9717444202047324,0.9726770753998477,0.9875615090213231,0.9861525844303318,0.9741136392311898,0.978449845657485,0.006920186225528266,42,0.9226380265145158,0.9300372344926799,0.9310573243050007,0.9559658493502124,0.9305421205366531,0.9340481110398123,0.011383331558865341,26
0.6156255722045898,0.16693986144574385,0.15157413482666016,0.04229789769898908,balanced,40,sqrt,6,13,143,"{'class_weight': 'balanced', 'max_depth': 40, 'max_features': 'sqrt', 'min_samples_leaf': 6, 'min_samples_split': 13, 'n_estimators': 143}",0.9730659506628629,0.9726770753998477,0.9870988770660722,0.9863839004079573,0.9757749085250452,0.979000142412357,0.006414161315732408,34,0.923875650276892,0.9325124820174324,0.9280607309584893,0.9547251545611305,0.9402573915969215,0.935886281882173,0.010870940789983219,11
6.723912620544434,0.737866725404681,1.2814515590667725,0.825243231803441,"{0: 1, 1: 3}",45,,7,2,484,"{'class_weight': {0: 1, 1: 3}, 'max_depth': 45, 'max_features': None, 'min_samples_leaf': 7, 'min_samples_split': 2, 'n_estimators': 484}",0.9730659506628629,0.9741685707032242,0.9849960045422046,0.9857740673760357,0.9787504731463179,0.979351013286129,0.005288514382811918,21,0.9233512334284275,0.9435347380891935,0.9195861546873029,0.9547251545611305,0.9250641376119778,0.9332522836756064,0.013554723651298195,33
4.339037227630615,0.7952818289680127,2.5810445308685304,0.8156524843340767,balanced,40,sqrt,9,4,458,"{'class_weight': 'balanced', 'max_depth': 40, 'max_features': 'sqrt', 'min_samples_leaf': 9, 'min_samples_split': 4, 'n_estimators': 458}",0.9703599597247861,0.9715558094270966,0.9870988770660722,0.9861736131555705,0.974681414812634,0.977973934837232,0.007218101330813424,50,0.9164499077026346,0.9257637302191757,0.9255793413803256,0.9480064768473736,0.9450098835008622,0.9321618679300743,0.012225012490658545,40
4.052515649795533,1.2410206742438896,1.8717065811157227,1.1799492148218271,"{0: 1, 1: 3}",35,,9,6,324,"{'class_weight': {0: 1, 1: 3}, 'max_depth': 35, 'max_features': None, 'min_samples_leaf': 9, 'min_samples_split': 6, 'n_estimators': 324}",0.9727722772277227,0.9739675890665991,0.98491188964125,0.9861525844303319,0.9784770997182152,0.9792562880168237,0.005480229937897729,23,0.9196383621412988,0.9422971143268173,0.9183454598982209,0.9534844597720488,0.9280607309584893,0.9323652254193749,0.013577334227628869,38
5.505021858215332,0.23664351561441627,0.6946414947509766,0.2974552837224906,balanced,45,,9,18,417,"{'class_weight': 'balanced', 'max_depth': 45, 'max_features': None, 'min_samples_leaf': 9, 'min_samples_split': 18, 'n_estimators': 417}",0.9732966940761874,0.9744647541677246,0.9851221768936367,0.9861315557050931,0.9793708205408588,0.9796772002767001,0.005277893456887938,15,0.920875985903675,0.9398218668020648,0.9183454598982209,0.9522437649829668,0.9280607309584893,0.9318695617090833,0.012622317899687721,45
4.4244176864624025,1.0674193152677636,1.7600883007049561,1.7004984242272814,balanced,45,log2,7,3,486,"{'class_weight': 'balanced', 'max_depth': 45, 'max_features': 'log2', 'min_samples_leaf': 7, 'min_samples_split': 3, 'n_estimators': 486}",0.9679476422218493,0.9696517728695947,0.9861315557050933,0.9847436598393405,0.9731042604197334,0.9763157782111221,0.007643653448471976,73,0.9214004027521395,0.9257637302191757,0.9293014257475712,0.9480064768473736,0.9178302561298733,0.9284604583392266,0.010515436197901584,65
0.4099853992462158,0.03442008732955359,0.2621187210083008,0.04992089527352155,balanced,20,sqrt,17,18,101,"{'class_weight': 'balanced', 'max_depth': 20, 'max_features': 'sqrt', 'min_samples_leaf': 17, 'min_samples_split': 18, 'n_estimators': 101}",0.966710018459473,0.9692709655580942,0.9859843546284224,0.9849329183664886,0.9722420826849477,0.9758280679394851,0.008062780771070728,78,0.9127370364155059,0.9275619869679274,0.9195861546873029,0.9455250872692098,0.9243386465912437,0.9259497823862379,0.010985990506114459,79
7.148422813415527,0.7146111809729794,1.1340860843658447,0.8206458275399153,"{0: 1, 1: 3}",25,,5,2,484,"{'class_weight': {0: 1, 1: 3}, 'max_depth': 25, 'max_features': None, 'min_samples_leaf': 5, 'min_samples_split': 2, 'n_estimators': 484}",0.9741986910555462,0.9752792586951002,0.9853745215965009,0.9864575009462926,0.9776569794339067,0.9797933903454693,0.005134232024866412,14,0.922826816579963,0.9435347380891935,0.9275455271901417,0.9512133574462717,0.9263048324010598,0.9342850543413259,0.011068156815674949,22
2.151776838302612,0.8722780652353717,3.5262939453125,0.6815548103877582,balanced,5,sqrt,12,7,346,"{'class_weight': 'balanced', 'max_depth': 5, 'max_features': 'sqrt', 'min_samples_leaf': 12, 'min_samples_split': 7, 'n_estimators': 346}",0.963962074173519,0.9643416264703394,0.9839445682802708,0.9826197585902342,0.9689195440972368,0.97275751432232,0.008778735551945846,87,0.913974660177882,0.9232884826944232,0.9280607309584893,0.9455250872692098,0.9243386465912437,0.9270375215382496,0.010342288038210136,75
4.300313806533813,0.5071030993336526,1.263807201385498,0.42410881847759807,"{0: 1, 1: 3}",30,,17,7,379,"{'class_weight': {0: 1, 1: 3}, 'max_depth': 30, 'max_features': None, 'min_samples_leaf': 17, 'min_samples_split': 7, 'n_estimators': 379}",0.970359959724786,0.9697363967165947,0.9836291374016908,0.9851852630693526,0.9776044076208101,0.9773030329066469,0.006445156717717623,60,0.9122126195670414,0.9404988575780655,0.9243386465912437,0.944284392480128,0.9358098162089413,0.931428866485084,0.011715437433379714,53
1.6582491397857666,0.43812790489252845,0.5513442039489747,0.13993327937039662,balanced,15,log2,6,12,339,"{'class_weight': 'balanced', 'max_depth': 15, 'max_features': 'log2', 'min_samples_leaf': 6, 'min_samples_split': 12, 'n_estimators': 339}",0.9696467528108742,0.968847846323094,0.9863208142322413,0.9849329183664887,0.9723682550363797,0.9764233173538155,0.007617438842466338,72,0.9226380265145158,0.9227278497080477,0.9250641376119778,0.9480064768473736,0.9195861546873029,0.9276045290738436,0.010348290089137322,71
2.0145028591156007,0.17234972448510436,2.2289091110229493,0.2369286769632105,"{0: 1, 1: 3}",,sqrt,6,17,448,"{'class_weight': {0: 1, 1: 3}, 'max_depth': None, 'max_features': 'sqrt', 'min_samples_leaf': 6, 'min_samples_split': 17, 'n_estimators': 448}",0.9724156737707669,0.9733540661758484,0.9870778483408336,0.9869096185389242,0.975922109601716,0.9791358632856179,0.00651804779102489,29,0.923875650276892,0.9282389777439282,0.9263048324010598,0.9584472389283762,0.933023510114817,0.9339780418930147,0.012597825622314346,27
2.831558847427368,0.43192409042537633,1.3245744705200195,0.5055126160332106,balanced,15,,4,4,246,"{'class_weight': 'balanced', 'max_depth': 15, 'max_features': None, 'min_samples_leaf': 4, 'min_samples_split': 4, 'n_estimators': 246}",0.9747021312300722,0.9763159008208513,0.9853324641460235,0.9871619632417884,0.9779093241367707,0.9802843567151012,0.005006705972363636,3,0.92582648095318,0.9392612338156893,0.9263048324010598,0.9524540522353534,0.9238234428228961,0.9335340084456357,0.010924570641340411,30
1.7656362533569336,0.1389328087917741,0.6059345722198486,0.2165050271583941,"{0: 1, 1: 3}",30,sqrt,1,9,227,"{'class_weight': {0: 1, 1: 3}, 'max_depth': 30, 'max_features': 'sqrt', 'min_samples_leaf': 1, 'min_samples_split': 9, 'n_estimators': 227}",0.9727093472059071,0.9775852585258525,0.9896012953694746,0.9858371535517517,0.9756382218109938,0.980274255292796,0.006385778856984673,4,0.92582648095318,0.9344270965558094,0.9392269840602263,0.9579320351600287,0.9355048996929806,0.938583499284445,0.010623322352040507,4
1.0479973793029784,0.22996280872285377,1.4645666122436523,1.4579163766119017,balanced,5,sqrt,11,19,250,"{'class_weight': 'balanced', 'max_depth': 5, 'max_features': 'sqrt', 'min_samples_leaf': 11, 'min_samples_split': 19, 'n_estimators': 250}",0.9640040275213962,0.9660975712955912,0.9839025108297935,0.9831244479959624,0.9697396643815452,0.9733736444048576,0.008483772393346177,86,0.913974660177882,0.9232884826944232,0.9280607309584893,0.9455250872692098,0.92185725701308,0.9265412436226169,0.01051793102325693,77
5.55853238105774,0.9740769755567599,1.9524518489837646,1.1767414010144557,balanced,45,,7,17,445,"{'class_weight': 'balanced', 'max_depth': 45, 'max_features': None, 'min_samples_leaf': 7, 'min_samples_split': 17, 'n_estimators': 445}",0.9729820439671086,0.9744964881103495,0.9855427513984102,0.9860264120788997,0.978971274761324,0.9796037940632184,0.005419473507701494,17,0.9233512334284275,0.941059490564441,0.9183454598982209,0.9534844597720488,0.9238234428228961,0.9320128172972069,0.01320423625538056,44
3.130362558364868,1.1819310393145952,1.2058112144470214,0.8004077325670289,"{0: 1, 1: 3}",40,sqrt,2,2,403,"{'class_weight': {0: 1, 1: 3}, 'max_depth': 40, 'max_features': 'sqrt', 'min_samples_leaf': 2, 'min_samples_split': 2, 'n_estimators': 403}",0.9751845947306595,0.9763370567826013,0.9898956975228163,0.9866362451108215,0.9768894309626951,0.9809886050219185,0.0060557212591875135,1,0.9300637690887732,0.9344270965558094,0.9409828826176557,0.96092862850654,0.9397421878285738,0.9412289129194704,0.010595044305918405,1
1.152731704711914,0.12885991521895937,0.5722833633422851,0.21926465978116916,"{0: 1, 1: 3}",20,sqrt,9,10,198,"{'class_weight': {0: 1, 1: 3}, 'max_depth': 20, 'max_features': 'sqrt', 'min_samples_leaf': 9, 'min_samples_split': 10, 'n_estimators': 198}",0.9699823795938916,0.9708365067275957,0.987309164318459,0.9860474408041385,0.9743870126592925,0.9777125008206756,0.0074787714937409955,53,0.9214004027521395,0.9270013539815519,0.9250641376119778,0.9492471716364554,0.9305421205366531,0.9306510373037555,0.009756392274892247,56
1.000959873199463,0.1778023974186555,0.35695199966430663,0.10702780006152385,balanced,10,log2,1,12,212,"{'class_weight': 'balanced', 'max_depth': 10, 'max_features': 'log2', 'min_samples_leaf': 1, 'min_samples_split': 12, 'n_estimators': 212}",0.9701921463332774,0.9742214606075992,0.9890545485132692,0.9867624174622533,0.9755225638221812,0.9791506273477161,0.007399201510764635,26,0.9275885215640207,0.9307142252686806,0.9362303907137148,0.9517285612146192,0.9300269167683055,0.9352577231058682,0.008706962158033415,14
1.026874589920044,0.10275474190583893,0.8360245704650879,0.7337252625360557,"{0: 1, 1: 3}",15,log2,8,4,211,"{'class_weight': {0: 1, 1: 3}, 'max_depth': 15, 'max_features': 'log2', 'min_samples_leaf': 8, 'min_samples_split': 4, 'n_estimators': 211}",0.9674651787212619,0.9684035711263435,0.9847857172898179,0.9840917693569415,0.9699078941834546,0.9749308261355638,0.0078052873750181235,83,0.9214004027521395,0.9202526021832952,0.9165895613407915,0.9504878664255374,0.9123522732051982,0.9242165411813923,0.013511163193573535,84
5.43857479095459,0.9294110635499472,1.99866042137146,1.002582118161189,"{0: 1, 1: 3}",40,,18,15,437,"{'class_weight': {0: 1, 1: 3}, 'max_depth': 40, 'max_features': None, 'min_samples_leaf': 18, 'min_samples_split': 15, 'n_estimators': 437}",0.9706641214968954,0.9696940847930948,0.98348193632502,0.9845649156748117,0.9776464650712874,0.9772103046722218,0.006212245615199394,65,0.9122126195670414,0.941059490564441,0.9260945451486732,0.9455250872692098,0.9358098162089413,0.9321403117516613,0.011881358835876241,41
4.047365045547485,1.5700063177699974,0.674288558959961,0.39070444286274947,"{0: 1, 1: 3}",25,,16,10,260,"{'class_weight': {0: 1, 1: 3}, 'max_depth': 25, 'max_features': None, 'min_samples_leaf': 16, 'min_samples_split': 10, 'n_estimators': 260}",0.9702550763550931,0.9704028095117203,0.9834398788745427,0.9849960045422047,0.9771838331160365,0.9772555204799195,0.006231089582220293,61,0.9122126195670414,0.9435347380891935,0.9255793413803256,0.9418030029019642,0.9358098162089413,0.9317879036294933,0.011629308710196361,46
1.503980827331543,0.4739962884998558,0.7519186019897461,0.3861909269791956,"{0: 1, 1: 3}",,log2,16,9,234,"{'class_weight': {0: 1, 1: 3}, 'max_depth': None, 'max_features': 'log2', 'min_samples_leaf': 16, 'min_samples_split': 9, 'n_estimators': 234}",0.9633747273032388,0.9622048743335873,0.9811267190982883,0.9798019094082516,0.9661647810909701,0.970534602246867,0.00821972547801694,97,0.9194495720758517,0.9092303461115342,0.9220675442654666,0.9467657820582916,0.910386087395382,0.9215798663813052,0.01354191767006432,92
1.9388051986694337,0.4235698961430434,0.47450814247131345,0.18448837185678452,balanced,,sqrt,16,13,470,"{'class_weight': 'balanced', 'max_depth': None, 'max_features': 'sqrt', 'min_samples_leaf': 16, 'min_samples_split': 13, 'n_estimators': 470}",0.9679895955697264,0.9684881949733434,0.985689952475081,0.9842389704336124,0.9715481347520714,0.9755909696407669,0.007763403656672252,79,0.9152122839402583,0.9232884826944232,0.9250641376119778,0.9455250872692098,0.9298166295159187,0.9277813242063576,0.010045228682161785,69
1.3064886569976806,0.3637516101482723,0.3145461559295654,0.0653780778475492,"{0: 1, 1: 3}",30,log2,14,7,329,"{'class_weight': {0: 1, 1: 3}, 'max_depth': 30, 'max_features': 'log2', 'min_samples_leaf': 14, 'min_samples_split': 7, 'n_estimators': 329}",0.9643396543044135,0.9640877549293391,0.9826407873154729,0.9811687765487656,0.9686041132186566,0.9721682172633296,0.008123643248219403,92,0.9164499077026346,0.9092303461115342,0.9220675442654666,0.9480064768473736,0.9086301888379525,0.9208768927529922,0.014440595460358719,96
1.527593994140625,0.2053437230662838,1.7548216342926026,1.4883755357794912,balanced,10,log2,8,3,376,"{'class_weight': 'balanced', 'max_depth': 10, 'max_features': 'log2', 'min_samples_leaf': 8, 'min_samples_split': 3, 'n_estimators': 376}",0.9678847122000336,0.9674515528475924,0.985689952475081,0.9836291374016908,0.9709383017201496,0.9751187313289094,0.007909113457019131,82,0.9176875314650108,0.9232884826944232,0.9293014257475712,0.9467657820582916,0.9141081717626277,0.9262302787455848,0.011486661943546922,78
6.262258100509643,1.136568588165212,2.130117416381836,0.9800965252194632,"{0: 1, 1: 3}",,,1,6,416,"{'class_weight': {0: 1, 1: 3}, 'max_depth': None, 'max_features': None, 'min_samples_leaf': 1, 'min_samples_split': 6, 'n_estimators': 416}",0.9754992448397382,0.9768130659219769,0.9825356436892795,0.9829351894688144,0.9779303528620095,0.9791426993563637,0.0030353513561038234,28,0.9155898640711528,0.932068206820682,0.9270303234217941,0.950698153677924,0.9300269167683055,0.9310826929519717,0.011342853661810507,54
3.5362327098846436,1.3843819481619055,0.9387719631195068,0.5081084036235711,"{0: 1, 1: 3}",10,,17,18,271,"{'class_weight': {0: 1, 1: 3}, 'max_depth': 10, 'max_features': None, 'min_samples_leaf': 17, 'min_samples_split': 18, 'n_estimators': 271}",0.9700872629635844,0.970053736142845,0.9835029650502587,0.9851642343441142,0.9773100054674686,0.9772236407936541,0.006400403411430858,64,0.9122126195670414,0.9422971143268173,0.9255793413803256,0.944284392480128,0.9358098162089413,0.9320366567926508,0.011867688271252147,43
0.8006563186645508,0.30068091828111776,0.6548800945281983,0.30783733792144846,"{0: 1, 1: 3}",20,log2,3,10,136,"{'class_weight': {0: 1, 1: 3}, 'max_depth': 20, 'max_features': 'log2', 'min_samples_leaf': 3, 'min_samples_split': 10, 'n_estimators': 136}",0.9708214465514348,0.9726982313615977,0.9890755772385078,0.9862997855070026,0.9744500988350087,0.9786690278987104,0.007504119369684887,37,0.923875650276892,0.9307142252686806,0.934989695924633,0.9529692560037012,0.9372607982504101,0.9359619251448634,0.009648813379038938,10
0.8572018146514893,0.09408504196141344,1.6653710842132567,0.7311776251595686,"{0: 1, 1: 3}",,log2,3,2,215,"{'class_weight': {0: 1, 1: 3}, 'max_depth': None, 'max_features': 'log2', 'min_samples_leaf': 3, 'min_samples_split': 2, 'n_estimators': 215}",0.9707585165296191,0.972084708470847,0.9889914623375531,0.9860053833536611,0.9751650754931236,0.9786010292369607,0.0074640308135064705,40,0.9251132740392682,0.9319518490310569,0.9325083063464692,0.954209950792783,0.9203116457080371,0.9328190051835229,0.011612350159506828,35
2.574515867233276,0.4976374874598744,1.1559688091278075,0.6915729524906244,balanced,20,,1,4,227,"{'class_weight': 'balanced', 'max_depth': 20, 'max_features': None, 'min_samples_leaf': 1, 'min_samples_split': 4, 'n_estimators': 227}",0.9744504111428092,0.9742637725310994,0.9827249022164277,0.9820835260966481,0.9775202927198554,0.978208580941368,0.003621365823011642,47,0.9185895284443698,0.9375793348565624,0.9233082390545485,0.950698153677924,0.9270303234217941,0.93144111589104,0.011482798545109842,52
1.4892848491668702,0.3720011816691825,1.3420629978179932,1.239015846420377,"{0: 1, 1: 3}",40,log2,3,9,273,"{'class_weight': {0: 1, 1: 3}, 'max_depth': 40, 'max_features': 'log2', 'min_samples_leaf': 3, 'min_samples_split': 9, 'n_estimators': 273}",0.9702550763550931,0.9729521029025978,0.9884867729318249,0.985816124826513,0.9737140934516549,0.9782448340935368,0.0074107839999968195,46,0.9251132740392682,0.9319518490310569,0.934989695924633,0.955450645581865,0.9245489338436303,0.9344108796840906,0.0112495071493184,20
4.742916917800903,0.7340748025534265,1.2474705219268798,0.5360066622859508,"{0: 1, 1: 3}",5,,2,11,485,"{'class_weight': {0: 1, 1: 3}, 'max_depth': 5, 'max_features': None, 'min_samples_leaf': 2, 'min_samples_split': 11, 'n_estimators': 485}",0.9716500251720088,0.9692709655580942,0.9853745215965009,0.9841443411700384,0.9811792909113848,0.9783238288816054,0.006606637340910873,45,0.9185895284443698,0.918010070237793,0.9203116457080371,0.9427387811750851,0.9185557471506076,0.9236411545431785,0.009580129196414133,87
2.330324125289917,1.1089498104579814,0.5514264583587647,0.16441138735641012,"{0: 1, 1: 3}",,sqrt,9,12,345,"{'class_weight': {0: 1, 1: 3}, 'max_depth': None, 'max_features': 'sqrt', 'min_samples_leaf': 9, 'min_samples_split': 12, 'n_estimators': 345}",0.9696887061587515,0.9713442498095963,0.9872040206922656,0.9860894982546158,0.9746183286369179,0.9777889607104295,0.007412740493594764,51,0.9214004027521395,0.9270013539815519,0.9293014257475712,0.9492471716364554,0.9305421205366531,0.9314984949308742,0.009412258306545537,51
1.6258776187896729,0.23491685161991208,0.336383056640625,0.050333511021651504,"{0: 1, 1: 3}",30,sqrt,10,4,405,"{'class_weight': {0: 1, 1: 3}, 'max_depth': 30, 'max_features': 'sqrt', 'min_samples_leaf': 10, 'min_samples_split': 4, 'n_estimators': 405}",0.9700453096157073,0.9716615892358466,0.9862156706060479,0.9856058375741262,0.9741556966816671,0.9775368207426791,0.006964259497138899,57,0.9176875314650108,0.9257637302191757,0.9238234428228961,0.9504878664255374,0.9305421205366531,0.9296609382938545,0.011199682788249947,59
1.308513307571411,0.21642798513496406,0.24268627166748047,0.057903445194023795,balanced,35,sqrt,7,5,272,"{'class_weight': 'balanced', 'max_depth': 35, 'max_features': 'sqrt', 'min_samples_leaf': 7, 'min_samples_split': 5, 'n_estimators': 272}",0.9714717234435308,0.9729521029025979,0.9876245951970392,0.9861315557050931,0.973966438154519,0.978429283080556,0.0069599266108295865,43,0.9226380265145158,0.9300372344926799,0.9322980190940826,0.9559658493502124,0.9347794086722463,0.9351437076247473,0.011173722484964751,15
1.947917890548706,0.203210345326437,0.7490217685699463,0.8617358774846012,"{0: 1, 1: 3}",,log2,16,15,470,"{'class_weight': {0: 1, 1: 3}, 'max_depth': None, 'max_features': 'log2', 'min_samples_leaf': 16, 'min_samples_split': 15, 'n_estimators': 470}",0.9630391005202216,0.9634742320385884,0.9815262648778231,0.9808743743954241,0.9671321024519494,0.9712092148568013,0.008283240948758288,94,0.9152122839402583,0.9122662266226622,0.9263048324010598,0.9480064768473736,0.9061487992597889,0.9215877238142285,0.014738375487976529,91
1.248221492767334,0.26481263249791115,1.2876665115356445,0.930957880744413,balanced,5,log2,19,18,279,"{'class_weight': 'balanced', 'max_depth': 5, 'max_features': 'log2', 'min_samples_leaf': 19, 'min_samples_split': 18, 'n_estimators': 279}",0.958864742406444,0.9593065075738344,0.9796757370568197,0.9779934390377256,0.9622534381965765,0.96761877285428,0.00924681246011346,100,0.9144990770263467,0.914064483371414,0.9280607309584893,0.9303318332842664,0.8932266476006225,0.9160365544482276,0.01323238881911536,99
4.015167140960694,0.6595434870951127,2.938646841049194,0.6277678834895626,"{0: 1, 1: 3}",25,,11,6,363,"{'class_weight': {0: 1, 1: 3}, 'max_depth': 25, 'max_features': None, 'min_samples_leaf': 11, 'min_samples_split': 6, 'n_estimators': 363}",0.9718283269004866,0.9732588643479734,0.9847226311141019,0.9856794381124616,0.9786768726079825,0.9788332266166012,0.005687218625865677,36,0.923875650276892,0.9367859862909368,0.9141081717626277,0.9492471716364554,0.9293014257475712,0.9306636811428965,0.011873051274967246,55
6.3047647953033445,0.22863872484693262,1.5851799488067626,0.765230893611926,balanced,20,,4,7,464,"{'class_weight': 'balanced', 'max_depth': 20, 'max_features': None, 'min_samples_leaf': 4, 'min_samples_split': 7, 'n_estimators': 464}",0.9742825977513005,0.9764534145722266,0.985164234344114,0.9866152163855827,0.9779408672246289,0.9800912660555706,0.004896850848883342,7,0.922826816579963,0.9404988575780655,0.9263048324010598,0.9566913403709467,0.9250641376119778,0.9342771969084026,0.012811347749173268,24
2.342209529876709,0.7100455523882072,0.7350296020507813,0.3376693665184571,"{0: 1, 1: 3}",15,log2,15,4,410,"{'class_weight': {0: 1, 1: 3}, 'max_depth': 15, 'max_features': 'log2', 'min_samples_leaf': 15, 'min_samples_split': 4, 'n_estimators': 410}",0.9636684007383789,0.9641089108910891,0.9819678681078353,0.9809584892963789,0.9679311940110191,0.9717269726089401,0.0080929626350821,93,0.9152122839402583,0.9165397308961665,0.9263048324010598,0.9480064768473736,0.9086301888379525,0.9229387025845621,0.013748469629785256,89
1.1562830448150634,0.17765430948427155,0.8575951099395752,1.1342152169074533,"{0: 1, 1: 3}",15,sqrt,18,11,257,"{'class_weight': {0: 1, 1: 3}, 'max_depth': 15, 'max_features': 'sqrt', 'min_samples_leaf': 18, 'min_samples_split': 11, 'n_estimators': 257}",0.9667729484812888,0.9674092409240924,0.9846595449383858,0.9839445682802709,0.9707700719182404,0.9747112749084558,0.007950994791364746,84,0.9176875314650108,0.9245261064567994,0.9263048324010598,0.9455250872692098,0.9141081717626277,0.9256303458709414,0.010893335659350478,80
2.7454427242279054,0.5584695660049943,1.253508949279785,0.8236036792523956,balanced,,,19,6,216,"{'class_weight': 'balanced', 'max_depth': None, 'max_features': None, 'min_samples_leaf': 19, 'min_samples_split': 6, 'n_estimators': 216}",0.9709997482799128,0.971005754421596,0.9834714219624006,0.9844808007738571,0.9770892038524625,0.9774093858580459,0.005812841931717439,59,0.9065489176036248,0.9348713717525599,0.922887664549775,0.9368402237456367,0.9345691214198596,0.9271434598142912,0.011411706849956238,74
2.5634541511535645,0.4930575277907674,0.37183213233947754,0.17929342495921677,"{0: 1, 1: 3}",30,,9,13,228,"{'class_weight': {0: 1, 1: 3}, 'max_depth': 30, 'max_features': None, 'min_samples_leaf': 9, 'min_samples_split': 13, 'n_estimators': 228}",0.9733386474240644,0.9744118642633495,0.98491188964125,0.9865100727593894,0.979097447112756,0.9796539842401618,0.0053352517000889105,16,0.9196383621412988,0.9422971143268173,0.9183454598982209,0.9504878664255374,0.9268200361694074,0.9315177677922563,0.012749569484058256,50
1.3272509574890137,0.49434723506503697,1.1019808292388915,0.4913610519995184,"{0: 1, 1: 3}",45,sqrt,15,3,195,"{'class_weight': {0: 1, 1: 3}, 'max_depth': 45, 'max_features': 'sqrt', 'min_samples_leaf': 15, 'min_samples_split': 3, 'n_estimators': 195}",0.9687447558315153,0.9683401032410933,0.9856478950246037,0.9843441140598057,0.9723682550363797,0.9758890246386794,0.007578214802668776,75,0.9164499077026346,0.9257637302191757,0.9208268494763846,0.9455250872692098,0.9183454598982209,0.9253822069131251,0.01054451751562453,81
2.8267191886901855,0.5011244701295023,0.8659971237182618,0.20647032063916682,"{0: 1, 1: 3}",25,sqrt,8,14,472,"{'class_weight': {0: 1, 1: 3}, 'max_depth': 25, 'max_features': 'sqrt', 'min_samples_leaf': 8, 'min_samples_split': 14, 'n_estimators': 472}",0.9707585165296191,0.9721904882795971,0.9867624174622535,0.9862156706060479,0.9749758169659756,0.9781805819686985,0.006920250665364196,48,0.923875650276892,0.9270013539815519,0.9238234428228961,0.9504878664255374,0.9372607982504101,0.9324898223514575,0.01025792553328065,37
2.0146584033966066,0.20455824735754988,0.4049175262451172,0.1803541830772301,balanced,30,,5,4,175,"{'class_weight': 'balanced', 'max_depth': 30, 'max_features': None, 'min_samples_leaf': 5, 'min_samples_split': 4, 'n_estimators': 175}",0.9745343178385636,0.9765274604383518,0.9853534928712621,0.9873512217689363,0.9773415485553265,0.9802216082944881,0.005127462780333949,5,0.92582648095318,0.9422971143268173,0.9305421205366531,0.9584472389283762,0.9238234428228961,0.9361872795135845,0.01284456537988958,9
0.875145673751831,0.18160701356058365,0.5687460422515869,0.3817516702552275,"{0: 1, 1: 3}",10,sqrt,14,6,146,"{'class_weight': {0: 1, 1: 3}, 'max_depth': 10, 'max_features': 'sqrt', 'min_samples_leaf': 14, 'min_samples_split': 6, 'n_estimators': 146}",0.9683461990266823,0.9685939747820936,0.9857320099255583,0.9848067460150566,0.9719476805316063,0.9758853220561996,0.007772466910219118,76,0.9164499077026346,0.9245261064567994,0.9250641376119778,0.9492471716364554,0.9298166295159187,0.9290207905847572,0.01098748592395925,61
1.1730955123901368,0.0949009072864361,0.8872565746307373,0.839373662887495,balanced,15,sqrt,12,17,317,"{'class_weight': 'balanced', 'max_depth': 15, 'max_features': 'sqrt', 'min_samples_leaf': 12, 'min_samples_split': 17, 'n_estimators': 317}",0.968912569223024,0.9704768553778454,0.9864680153089119,0.9856689237498423,0.9729570593430626,0.9768966846005374,0.007603203324927962,68,0.9152122839402583,0.9257637302191757,0.9225827480338141,0.9467657820582916,0.9328132228624301,0.928627553422794,0.01068855254478141,64
5.209475803375244,0.7467292162962551,1.8326999187469482,1.214613961305091,"{0: 1, 1: 3}",20,,4,2,353,"{'class_weight': {0: 1, 1: 3}, 'max_depth': 20, 'max_features': None, 'min_samples_leaf': 4, 'min_samples_split': 2, 'n_estimators': 353}",0.9743874811209935,0.975924515528476,0.9849960045422047,0.9869516759894016,0.9775938932581907,0.9799707140878533,0.005043428667522105,10,0.922826816579963,0.9404988575780655,0.9263048324010598,0.9524540522353534,0.9250641376119778,0.9334297392812839,0.011358401965239802,32
3.1783538341522215,1.1481392132912982,2.79075403213501,1.9456033947141345,"{0: 1, 1: 3}",20,,10,6,199,"{'class_weight': {0: 1, 1: 3}, 'max_depth': 20, 'max_features': None, 'min_samples_leaf': 10, 'min_samples_split': 6, 'n_estimators': 199}",0.9725415338143985,0.9742637725310994,0.9849960045422047,0.9863628716827186,0.9776149219834294,0.97915582091077,0.005587568815233823,24,0.9196383621412988,0.9422971143268173,0.9195861546873029,0.9534844597720488,0.9268200361694074,0.9323652254193749,0.01342155951001994,38
6.564442491531372,0.5325595470751047,1.6071956157684326,0.5076820400920926,"{0: 1, 1: 3}",15,,10,2,424,"{'class_weight': {0: 1, 1: 3}, 'max_depth': 15, 'max_features': None, 'min_samples_leaf': 10, 'min_samples_split': 2, 'n_estimators': 424}",0.9723946970968284,0.9740310569518491,0.9849749758169659,0.9856689237498423,0.9786873869706019,0.9791514081172176,0.005449374391052709,25,0.9196383621412988,0.9422971143268173,0.9183454598982209,0.9547251545611305,0.9280607309584893,0.9326133643771912,0.013966792978439625,36
6.433685970306397,0.8086962008856146,1.562236213684082,0.8609999863882434,balanced,15,,2,18,483,"{'class_weight': 'balanced', 'max_depth': 15, 'max_features': None, 'min_samples_leaf': 2, 'min_samples_split': 18, 'n_estimators': 483}",0.9753314314482295,0.9763899466869765,0.9856268662993649,0.9849854901795851,0.9781090970265381,0.9800885663281388,0.004356169142945834,8,0.922826816579963,0.9472476093763222,0.9317828153257349,0.9596879337174581,0.9263048324010598,0.9375700014801076,0.01386085192196824,6
2.310466766357422,0.843538955323977,3.0195467948913572,0.8267348504395678,"{0: 1, 1: 3}",15,log2,3,2,278,"{'class_weight': {0: 1, 1: 3}, 'max_depth': 15, 'max_features': 'log2', 'min_samples_leaf': 3, 'min_samples_split': 2, 'n_estimators': 278}",0.9697306595066286,0.9730790386730981,0.9883816293056314,0.9862577280565252,0.9753122765697942,0.9785522664223356,0.007406281367897469,41,0.9251132740392682,0.9319518490310569,0.9319931025781216,0.9529692560037012,0.9257896286327122,0.933563422056972,0.010133965934181042,29
4.071148204803467,0.6576378654451642,0.9867386817932129,0.8033420252603403,balanced,20,,1,2,267,"{'class_weight': 'balanced', 'max_depth': 20, 'max_features': None, 'min_samples_leaf': 1, 'min_samples_split': 2, 'n_estimators': 267}",0.9723842087598591,0.9735656257933487,0.9807061445935148,0.9801488833746899,0.9772889767422299,0.9768187678527285,0.003366621788108577,70,0.9143522403087766,0.925996445798426,0.9220675442654666,0.9392269840602263,0.9185557471506076,0.9240397923167005,0.008512255442216714,85
1.0579782009124756,0.5695640820144793,0.8375618934631348,1.2755123509295305,"{0: 1, 1: 3}",5,sqrt,19,19,134,"{'class_weight': {0: 1, 1: 3}, 'max_depth': 5, 'max_features': 'sqrt', 'min_samples_leaf': 19, 'min_samples_split': 19, 'n_estimators': 134}",0.9645913743916765,0.9642252686807142,0.9836922235774067,0.9818206670311646,0.969234974975817,0.9727129017313558,0.008409423197865175,88,0.9152122839402583,0.9239654734704238,0.9335387138831643,0.9412877991336164,0.9298166295159187,0.9287641799886763,0.008802571569262736,63
0.794462776184082,0.017530813258742135,0.1636516571044922,0.020964773129448406,balanced,,log2,8,11,189,"{'class_weight': 'balanced', 'max_depth': None, 'max_features': 'log2', 'min_samples_leaf': 8, 'min_samples_split': 11, 'n_estimators': 189}",0.9684930357442524,0.9686574426673435,0.9851432056188754,0.9840286831812256,0.9701181814358414,0.9752881097295077,0.007620859190006345,81,0.9176875314650108,0.9202526021832952,0.9208268494763846,0.9480064768473736,0.917104765109139,0.9247756450162405,0.011703044069941214,82
2.9535178184509276,0.5956341989793442,1.155789566040039,0.7604272410317318,"{0: 1, 1: 3}",5,,9,8,295,"{'class_weight': {0: 1, 1: 3}, 'max_depth': 5, 'max_features': None, 'min_samples_leaf': 9, 'min_samples_split': 8, 'n_estimators': 295}",0.9669092968618896,0.9675150207328426,0.984291542246709,0.9855006939479329,0.9816734659544939,0.9771780039487737,0.008232841118966902,66,0.9136390333948649,0.9160954556994161,0.9111115784161165,0.9365353072296757,0.9190709509189552,0.9192904651318056,0.009016359790165341,98
2.869197416305542,0.8032406997526638,0.505625581741333,0.12625221282125856,"{0: 1, 1: 3}",20,log2,13,12,475,"{'class_weight': {0: 1, 1: 3}, 'max_depth': 20, 'max_features': 'log2', 'min_samples_leaf': 13, 'min_samples_split': 12, 'n_estimators': 475}",0.9646752810874308,0.9650609291698402,0.9825987298649956,0.9823463851621315,0.9685620557681793,0.9726486762105153,0.008135091004028322,89,0.9206871958382278,0.919014978420919,0.9263048324010598,0.9480064768473736,0.9019115111241955,0.9231849989263552,0.014846066830274911,88
2.181003141403198,0.22620561287356034,0.4731529712677002,0.12348584320382727,"{0: 1, 1: 3}",40,sqrt,4,11,456,"{'class_weight': {0: 1, 1: 3}, 'max_depth': 40, 'max_features': 'sqrt', 'min_samples_leaf': 4, 'min_samples_split': 11, 'n_estimators': 456}",0.9727093472059071,0.9743483963780993,0.9889494048870757,0.9873932792194137,0.9763637128317282,0.9799528281044448,0.006827270692503871,12,0.923875650276892,0.9319518490310569,0.9355048996929806,0.9596879337174581,0.9414980863860033,0.9385036838208782,0.012030274320443419,5
1.295452880859375,0.2794353994964877,3.090402936935425,1.5825273637149109,balanced,35,,17,4,135,"{'class_weight': 'balanced', 'max_depth': 35, 'max_features': None, 'min_samples_leaf': 17, 'min_samples_split': 4, 'n_estimators': 135}",0.9701921463332774,0.9712173140390963,0.9828826176557177,0.9855217226731715,0.9772889767422297,0.9774205554886984,0.006102629748459681,58,0.9102617888907534,0.9385842430396886,0.9186503764141818,0.9355995289565547,0.9358098162089413,0.9277811507020239,0.011248043294535439,70
6.340314817428589,0.2431555145340115,1.3754950523376466,0.337856190639033,"{0: 1, 1: 3}",,,5,13,468,"{'class_weight': {0: 1, 1: 3}, 'max_depth': None, 'max_features': None, 'min_samples_leaf': 5, 'min_samples_split': 13, 'n_estimators': 468}",0.9739889243161605,0.9750042311923501,0.9853324641460234,0.9867729318248728,0.9780354964882028,0.9798268095935219,0.005274614975383842,13,0.9245888571908037,0.9422971143268173,0.9275455271901417,0.9584472389283762,0.9263048324010598,0.9358367140074397,0.012954438916848776,12
2.460716438293457,0.5993891683952975,0.5916384220123291,0.2904286243487184,balanced,30,sqrt,3,10,385,"{'class_weight': 'balanced', 'max_depth': 30, 'max_features': 'sqrt', 'min_samples_leaf': 3, 'min_samples_split': 10, 'n_estimators': 385}",0.9730239973149858,0.9756812219683506,0.9896854102704293,0.9865521302098668,0.976889430962695,0.9803664381452654,0.00652776063755224,2,0.9251132740392682,0.9331894727934331,0.9372607982504101,0.9596879337174581,0.9402573915969215,0.9391017740794982,0.011481707646183571,3
1.5441454887390136,0.23460798212780135,0.35801305770874026,0.1292875941826445,balanced,,log2,16,14,286,"{'class_weight': 'balanced', 'max_depth': None, 'max_features': 'log2', 'min_samples_leaf': 16, 'min_samples_split': 14, 'n_estimators': 286}",0.9639620741735191,0.9622048743335871,0.9827249022164277,0.9804748286158893,0.9666063843209824,0.9711946127320811,0.008639986491537775,95,0.9169743245510992,0.9097909790979097,0.9238234428228961,0.9467657820582916,0.9054233082390545,0.9205555673538501,0.014528188401749312,97
1.6139445304870605,0.17524781274663673,0.7349369525909424,0.8942167246274788,balanced,,sqrt,9,13,364,"{'class_weight': 'balanced', 'max_depth': None, 'max_features': 'sqrt', 'min_samples_leaf': 9, 'min_samples_split': 13, 'n_estimators': 364}",0.9702550763550932,0.9718519928915968,0.9870988770660722,0.9862156706060479,0.9746393573621567,0.9780121948561934,0.007202247099450125,49,0.9164499077026346,0.9257637302191757,0.9230979518021617,0.9467657820582916,0.946250578289944,0.9316655900144415,0.012493926881097281,47
5.7665441036224365,0.537891039163018,1.2333459854125977,0.516981166720324,balanced,15,,15,17,472,"{'class_weight': 'balanced', 'max_depth': 15, 'max_features': None, 'min_samples_leaf': 15, 'min_samples_split': 17, 'n_estimators': 472}",0.9705277731162947,0.9710692223068461,0.983545022500736,0.9855848088488876,0.9776885225217647,0.9776830698589059,0.00619259636160953,54,0.9127370364155059,0.9373466192773123,0.9193758674349162,0.9380809185347185,0.9345691214198596,0.9284219126164626,0.010378643796273181,66
1.457583475112915,0.695545917054049,1.9631953716278077,1.7513271212921322,balanced,10,sqrt,4,17,156,"{'class_weight': 'balanced', 'max_depth': 10, 'max_features': 'sqrt', 'min_samples_leaf': 4, 'min_samples_split': 17, 'n_estimators': 156}",0.9715346534653465,0.9728040111703479,0.9888863187113598,0.9872881355932204,0.9759431383269546,0.9792912514534458,0.007341313669586508,22,0.9214004027521395,0.9325124820174324,0.9397421878285738,0.9547251545611305,0.9487319678681079,0.9394224390054768,0.011776960275253585,2
1.5689620494842529,0.35483663365535767,1.3927854537963866,0.20572591554661857,balanced,20,log2,7,15,322,"{'class_weight': 'balanced', 'max_depth': 20, 'max_features': 'log2', 'min_samples_leaf': 7, 'min_samples_split': 15, 'n_estimators': 322}",0.9687867091793925,0.968932470170094,0.9859843546284224,0.9845964587626699,0.9720107667073222,0.9760621518895801,0.007634954498098493,74,0.918925155227387,0.9270013539815519,0.9293014257475712,0.9480064768473736,0.9208268494763846,0.9288122522560537,0.010329164982081007,62
2.384049987792969,0.3367074448779483,0.8950541019439697,0.4070124316276982,"{0: 1, 1: 3}",20,,11,12,245,"{'class_weight': {0: 1, 1: 3}, 'max_depth': 20, 'max_features': None, 'min_samples_leaf': 11, 'min_samples_split': 12, 'n_estimators': 245}",0.9725415338143983,0.9737560294490989,0.9846174874879084,0.985847667914371,0.9786663582453632,0.9790858153822279,0.0054356642569771355,30,0.923875650276892,0.941059490564441,0.9141081717626277,0.9504878664255374,0.9280607309584893,0.9315183819975974,0.012840219713345412,49
2.381954050064087,0.1288150979418698,0.3593531608581543,0.10438927777646712,balanced,40,log2,12,18,352,"{'class_weight': 'balanced', 'max_depth': 40, 'max_features': 'log2', 'min_samples_leaf': 12, 'min_samples_split': 18, 'n_estimators': 352}",0.9657450914582983,0.9656956080223407,0.9835239937754973,0.9829141607435757,0.9695924633048745,0.9734942634609173,0.008067498904029058,85,0.9194495720758517,0.9208132351696707,0.9250641376119778,0.9455250872692098,0.9128674769735459,0.9247439018200513,0.011103961045736525,83
1.1825445175170899,0.11924906417030419,0.8561125755310058,0.14606143863876486,"{0: 1, 1: 3}",30,log2,13,9,269,"{'class_weight': {0: 1, 1: 3}, 'max_depth': 30, 'max_features': 'log2', 'min_samples_leaf': 13, 'min_samples_split': 9, 'n_estimators': 269}",0.9646543044134922,0.9647647457053398,0.9829562181940531,0.9818416957564033,0.968456912141986,0.9725347752422548,0.008177155857708831,91,0.9206871958382278,0.907992722349158,0.9220675442654666,0.9480064768473736,0.9098708836270345,0.9217249645854521,0.0142898979967555,90
1.169894552230835,0.26626597873683266,1.0672296047210694,0.2630414296560908,balanced,5,,2,6,128,"{'class_weight': 'balanced', 'max_depth': 5, 'max_features': None, 'min_samples_leaf': 2, 'min_samples_split': 6, 'n_estimators': 128}",0.9715031884544387,0.9717144791402217,0.985784581738655,0.9836817092147875,0.9816629515918746,0.9788693820279954,0.006070188695516101,35,0.922826816579963,0.9235211982736735,0.9215523404971191,0.9469760693106785,0.9227930352862008,0.9275338919895268,0.009741778167187631,72
6.203222370147705,0.9296370517889921,1.4718142986297607,1.1278364335334659,balanced,25,,8,17,464,"{'class_weight': 'balanced', 'max_depth': 25, 'max_features': None, 'min_samples_leaf': 8, 'min_samples_split': 17, 'n_estimators': 464}",0.9731918107064943,0.9747292036895998,0.9851432056188754,0.9860053833536611,0.978908188585608,0.9795955583908478,0.005234961615005835,18,0.9221136096660513,0.941059490564441,0.9183454598982209,0.957721747907642,0.9280607309584893,0.933460207798969,0.014371685151284976,31
2.6571764945983887,1.4813321406636648,2.537914848327637,1.2970091114445288,balanced,25,sqrt,7,14,231,"{'class_weight': 'balanced', 'max_depth': 25, 'max_features': 'sqrt', 'min_samples_leaf': 7, 'min_samples_split': 14, 'n_estimators': 231}",0.9717863735526096,0.9725078277058474,0.9874984228456071,0.9860264120789,0.9740505530554737,0.9783739178476875,0.006903846694910893,44,0.9226380265145158,0.9300372344926799,0.9298166295159187,0.9559658493502124,0.9347794086722463,0.9346474297091145,0.011342916115102986,19
3.022029733657837,0.6009705719667141,0.9797319412231446,0.6722630471470382,"{0: 1, 1: 3}",25,,19,13,281,"{'class_weight': {0: 1, 1: 3}, 'max_depth': 25, 'max_features': None, 'min_samples_leaf': 19, 'min_samples_split': 13, 'n_estimators': 281}",0.9707690048665883,0.9700643141237202,0.9835134794128779,0.9845228582243344,0.9768368591495983,0.9771413031554237,0.006097124418623146,67,0.9109749958046651,0.941059490564441,0.9248538503595912,0.9455250872692098,0.9358098162089413,0.9316446480413697,0.012425811325602054,48
