mean_fit_time,std_fit_time,mean_score_time,std_score_time,param_kernel,param_gamma,param_degree,param_C,params,split0_test_AUC,split1_test_AUC,split2_test_AUC,split3_test_AUC,split4_test_AUC,mean_test_AUC,std_test_AUC,rank_test_AUC,split0_test_F1,split1_test_F1,split2_test_F1,split3_test_F1,split4_test_F1,mean_test_F1,std_test_F1,rank_test_F1
3.792594051361084,0.299391117122269,0.22722363471984863,0.006184151316011019,poly,auto,2,0.1,"{'kernel': 'poly', 'gamma': 'auto', 'degree': 2, 'C': 0.1}",0.9514809531800638,0.9477765084200728,0.9666799848593178,0.9673318753417168,0.951192328721033,0.9568923301044409,0.008362457908193323,47,0.8980743413324384,0.8804370821697556,0.9056335954914413,0.9036674096816251,0.8874437481599865,0.8950512353670493,0.009662414921530147,47
1.551241159439087,0.3178799728600298,0.18642048835754393,0.02009120740667483,rbf,scale,3,100.0,"{'kernel': 'rbf', 'gamma': 'scale', 'degree': 3, 'C': 100}",0.9534527605302904,0.9664360666835915,0.9817365521302098,0.9836922235774067,0.9786558438827438,0.9727946893608485,0.01138076084763039,38,0.8995007551602617,0.9191313362105441,0.9146233755309753,0.9487319678681079,0.9310573243050007,0.9226089518149779,0.016514472180212854,38
1.2640212535858155,0.06121808021004374,0.05224852561950684,0.005877228447586662,linear,scale,2,1.0,"{'kernel': 'linear', 'gamma': 'scale', 'degree': 2, 'C': 1}",0.9726883705319684,0.9803143775916052,0.9836922235774067,0.9897064389956681,0.9817891239433065,0.9816381069279909,0.005498913067451201,1,0.921924819600604,0.9220508589320469,0.9450098835008622,0.9552403583294782,0.9382912057871051,0.9365034252300193,0.013023371823785053,12
1.0002109050750732,0.03466706754944088,0.06730418205261231,0.006091774345107898,linear,scale,2,0.1,"{'kernel': 'linear', 'gamma': 'scale', 'degree': 2, 'C': 0.1}",0.972163953683504,0.9798701023948548,0.9857320099255583,0.9892017495899398,0.9799596248475417,0.9813854880882797,0.005819834576753206,5,0.9244000671253566,0.9293602437166794,0.9450098835008622,0.9572065441392943,0.9450098835008622,0.940197324396611,0.01185437186422172,1
2.303795051574707,0.04020853995667148,0.15215659141540527,0.008215789430195861,poly,auto,3,1.0,"{'kernel': 'poly', 'gamma': 'auto', 'degree': 3, 'C': 1}",0.9575851652961908,0.956006177540831,0.9702548681498927,0.970107667073222,0.9585523825545696,0.9625012521229411,0.0063233469661657824,46,0.8950746769592214,0.8822353389185073,0.9056335954914413,0.9066640030281363,0.8872334609075998,0.8953682150609812,0.009712936597216122,46
1.5713727474212646,0.08703193643214237,0.20131845474243165,0.012560811022105206,rbf,scale,4,10.0,"{'kernel': 'rbf', 'gamma': 'scale', 'degree': 4, 'C': 10}",0.9678008055042793,0.9754696623508505,0.9852273205198302,0.9884026580308701,0.9771207469403205,0.97880423866923,0.0073268645373223504,21,0.9161142809196173,0.9239654734704238,0.9342642049038988,0.946250578289944,0.9305421205366531,0.9302273316241074,0.010114632364798632,34
4.996118783950806,0.26617513838917467,0.31296863555908205,0.028605228766906007,poly,auto,3,0.1,"{'kernel': 'poly', 'gamma': 'auto', 'degree': 3, 'C': 0.1}",0.9392935056217486,0.9299843445883049,0.9543361231442151,0.9566282541952307,0.9377970307439962,0.9436078516586992,0.01022355963064365,49,0.8785031045477429,0.8085808580858085,0.850969424233503,0.8544812213483618,0.830813391092232,0.8446695998615297,0.023558665272394513,49
3.62613959312439,0.32287981268994487,0.23966941833496094,0.06771810504425024,poly,auto,4,1.0,"{'kernel': 'poly', 'gamma': 'auto', 'degree': 4, 'C': 1}",0.9485442188286625,0.944010747228569,0.9594040459267359,0.9587942128948143,0.9462505782899441,0.9514007606337452,0.006449995646587334,48,0.8977387145494209,0.8682935601252433,0.9167998485931783,0.8971590192202549,0.8766980695630231,0.8913378424102241,0.017137869864742868,48
1.0071814060211182,0.0704584644366962,0.05931310653686524,0.004990797252607535,linear,scale,4,0.1,"{'kernel': 'linear', 'gamma': 'scale', 'degree': 4, 'C': 0.1}",0.972163953683504,0.9798701023948548,0.9857320099255583,0.9892017495899398,0.9799596248475417,0.9813854880882797,0.005819834576753206,5,0.9244000671253566,0.9293602437166794,0.9450098835008622,0.9572065441392943,0.9450098835008622,0.940197324396611,0.01185437186422172,1
45.16035261154175,7.334135692625059,0.07830839157104492,0.024261236166850716,linear,scale,2,100.0,"{'kernel': 'linear', 'gamma': 'scale', 'degree': 2, 'C': 100}",0.9669617385467361,0.982028010493357,0.9780354964882029,0.9873932792194137,0.9780670395760609,0.9784971128647542,0.0067092760748532045,24,0.921924819600604,0.939144876026064,0.9395319005761871,0.9492471716364554,0.9320877318416957,0.9363872999362013,0.009061110996784087,16
2.7041422367095946,1.400641955887957,1.0541189193725586,1.5339549937162964,rbf,auto,3,10.0,"{'kernel': 'rbf', 'gamma': 'auto', 'degree': 3, 'C': 10}",0.9700033562678303,0.9791931116188541,0.9819888968330739,0.988739117634689,0.977352062917946,0.9794553090544786,0.0061063896382879505,11,0.9201627789897633,0.9373466192773123,0.9402573915969215,0.946250578289944,0.9390166968078395,0.9366068129923562,0.008753171321125715,7
1.6347813606262207,0.14972099216179643,0.09159059524536133,0.025266079378285,poly,scale,4,1.0,"{'kernel': 'poly', 'gamma': 'scale', 'degree': 4, 'C': 1}",0.9610043631481793,0.9721693323178472,0.9806430584177986,0.9883606005803928,0.9677839929343482,0.9739922694797132,0.00960451394453936,33,0.9164499077026346,0.9305978674790555,0.9355048996929806,0.949762375404803,0.9280607309584893,0.9320751562475926,0.010835564094365589,32
0.7633648872375488,0.0230879173481071,0.051961660385131836,0.004097076655625819,linear,auto,3,0.1,"{'kernel': 'linear', 'gamma': 'auto', 'degree': 3, 'C': 0.1}",0.972163953683504,0.9798701023948548,0.9857320099255583,0.9892017495899398,0.9799596248475417,0.9813854880882797,0.005819834576753206,5,0.9244000671253566,0.9293602437166794,0.9450098835008622,0.9572065441392943,0.9450098835008622,0.940197324396611,0.01185437186422172,1
4.216407775878906,1.1037803789743823,0.04301047325134277,0.007296891531294503,linear,auto,3,10.0,"{'kernel': 'linear', 'gamma': 'auto', 'degree': 3, 'C': 10}",0.9670456452424905,0.9817741389523569,0.9801173402868317,0.9876666526475165,0.9789292173108466,0.9791065988880086,0.0067366157022516445,14,0.9244000671253566,0.925086739443175,0.9420132901543508,0.9485216806157211,0.9320877318416957,0.9344219018360598,0.009481178362073425,21
7.400983428955078,5.695218959448136,2.1919440269470214,3.132393531554123,rbf,auto,2,0.1,"{'kernel': 'rbf', 'gamma': 'auto', 'degree': 2, 'C': 0.1}",0.9602492028863904,0.9617394431750866,0.9735563780123649,0.9764373133700636,0.9588467847079111,0.9661658244303633,0.0073251808340453264,44,0.9065489176036248,0.8925806042142675,0.9116267821844639,0.9096605963746477,0.9011860201034613,0.904320584096093,0.006848567016712156,44
2.884889030456543,0.4379307476927321,0.1362358570098877,0.018542331849549554,poly,auto,2,1.0,"{'kernel': 'poly', 'gamma': 'auto', 'degree': 2, 'C': 1}",0.9659338815237456,0.9684881949733435,0.9779934390377256,0.9779724103124868,0.9698658367329773,0.9720507525160558,0.005005263991313872,40,0.9152122839402583,0.9073157315731573,0.933023510114817,0.9243386465912437,0.9116267821844639,0.918303390880788,0.009251669304690947,41
2.626369524002075,0.09743537768090871,0.25814085006713866,0.04480190746438806,rbf,scale,2,100.0,"{'kernel': 'rbf', 'gamma': 'scale', 'degree': 2, 'C': 100}",0.9534527605302904,0.9664360666835915,0.9817365521302098,0.9836922235774067,0.9786558438827438,0.9727946893608485,0.01138076084763039,38,0.8995007551602617,0.9191313362105441,0.9146233755309753,0.9487319678681079,0.9310573243050007,0.9226089518149779,0.016514472180212854,38
1.7027018070220947,0.30044710391982776,0.06992473602294921,0.017775939886742854,poly,scale,4,10.0,"{'kernel': 'poly', 'gamma': 'scale', 'degree': 4, 'C': 10}",0.957815908709515,0.9666053143775916,0.9790238465744207,0.9854376077722169,0.9776885225217647,0.9733142399911019,0.009837865182568266,35,0.9154010740057056,0.9245261064567994,0.9230979518021617,0.9522437649829668,0.9365353072296757,0.9303608408954618,0.0128652610582062,33
1.000670862197876,0.06149550846945734,0.04908065795898438,0.0038618893822659735,linear,auto,4,1.0,"{'kernel': 'linear', 'gamma': 'auto', 'degree': 4, 'C': 1}",0.9726883705319684,0.9803143775916052,0.9836922235774067,0.9897064389956681,0.9817891239433065,0.9816381069279909,0.005498913067451201,1,0.921924819600604,0.9220508589320469,0.9450098835008622,0.9552403583294782,0.9382912057871051,0.9365034252300193,0.013023371823785053,12
4.2847474098205565,0.6937974825833256,0.05907893180847168,0.015893660271804732,linear,auto,2,10.0,"{'kernel': 'linear', 'gamma': 'auto', 'degree': 2, 'C': 10}",0.9670456452424905,0.9817741389523569,0.9801173402868317,0.9876666526475165,0.9789292173108466,0.9791065988880086,0.0067366157022516445,14,0.9244000671253566,0.925086739443175,0.9420132901543508,0.9485216806157211,0.9320877318416957,0.9344219018360598,0.009481178362073425,21
2.042648506164551,1.4797916811331449,0.731666898727417,1.0722666427548975,rbf,auto,2,100.0,"{'kernel': 'rbf', 'gamma': 'auto', 'degree': 2, 'C': 100}",0.9671295519382447,0.9777756621816027,0.9812318627244816,0.9881923707784833,0.9800647684737351,0.9788788432193094,0.0068256540947451575,18,0.9173519046819935,0.9325124820174324,0.9390166968078395,0.9534844597720488,0.9402573915969215,0.9365245869752471,0.011759850845614948,10
7.622539615631103,0.543062207478278,0.6973000526428222,0.12437228744433787,poly,auto,4,0.1,"{'kernel': 'poly', 'gamma': 'auto', 'degree': 4, 'C': 0.1}",0.9291617721094142,0.9148789878987899,0.9489527694831139,0.9486373386045338,0.9308575514152333,0.934497683902217,0.012926678508495971,50,0.6046945796274542,0.6086358635863587,0.6016949152542372,0.5847457627118644,0.5635593220338984,0.5926660886427626,0.016680368355480295,50
4.776624631881714,2.4549131325472313,1.450843381881714,1.9358594277528614,rbf,auto,4,1.0,"{'kernel': 'rbf', 'gamma': 'auto', 'degree': 4, 'C': 1}",0.9718912569223024,0.9776275704493526,0.9838814821045547,0.9849118896412499,0.9759010808764773,0.9788426559987874,0.004912771351165375,20,0.9176875314650108,0.933073115003808,0.9427387811750851,0.9437691887117803,0.9377760020187575,0.9350089236748882,0.009464963247160403,20
2.380691957473755,0.2709120187025117,0.25435967445373536,0.046830239484157446,rbf,scale,3,10.0,"{'kernel': 'rbf', 'gamma': 'scale', 'degree': 3, 'C': 10}",0.9678008055042793,0.9754696623508505,0.9852273205198302,0.9884026580308701,0.9771207469403205,0.97880423866923,0.0073268645373223504,21,0.9161142809196173,0.9239654734704238,0.9342642049038988,0.946250578289944,0.9305421205366531,0.9302273316241074,0.010114632364798632,34
43.00187454223633,6.886550129105262,0.06235909461975098,0.021607161139903106,linear,auto,4,100.0,"{'kernel': 'linear', 'gamma': 'auto', 'degree': 4, 'C': 100}",0.9669617385467361,0.982028010493357,0.9780354964882029,0.9873932792194137,0.9780670395760609,0.9784971128647542,0.0067092760748532045,24,0.921924819600604,0.939144876026064,0.9395319005761871,0.9492471716364554,0.9320877318416957,0.9363872999362013,0.009061110996784087,16
2.5233904838562013,0.15493707162156978,0.11508145332336425,0.012531822597487252,poly,scale,3,0.1,"{'kernel': 'poly', 'gamma': 'scale', 'degree': 3, 'C': 0.1}",0.9599555294512503,0.9674727088093426,0.9749653026033562,0.9746288429995374,0.970202296336796,0.9694449360400565,0.00551106978061571,42,0.9164499077026346,0.9012439705509012,0.9367455944820625,0.9285759347268369,0.9153488665517096,0.919672854802829,0.012161014015825892,40
1.2816874027252196,0.3990845946999742,0.05636663436889648,0.0055129569328357655,poly,scale,2,100.0,"{'kernel': 'poly', 'gamma': 'scale', 'degree': 2, 'C': 100}",0.9583822789058567,0.9656744520605907,0.9783509273667831,0.9843441140598057,0.9790133322118013,0.9731530209209674,0.0095990192974432,36,0.9116882027185769,0.9208132351696707,0.9320877318416957,0.9425284939226984,0.9290911384951844,0.9272417604295653,0.010429064709100303,37
3.7952306270599365,0.45360409201760415,0.04026665687561035,0.006217328822448655,linear,scale,3,10.0,"{'kernel': 'linear', 'gamma': 'scale', 'degree': 3, 'C': 10}",0.9670456452424905,0.9817741389523569,0.9801173402868317,0.9876666526475165,0.9789292173108466,0.9791065988880086,0.0067366157022516445,14,0.9244000671253566,0.925086739443175,0.9420132901543508,0.9485216806157211,0.9320877318416957,0.9344219018360598,0.009481178362073425,21
0.9442718505859375,0.06583883810214179,0.047762584686279294,0.003816121179545671,linear,scale,4,1.0,"{'kernel': 'linear', 'gamma': 'scale', 'degree': 4, 'C': 1}",0.9726883705319684,0.9803143775916052,0.9836922235774067,0.9897064389956681,0.9817891239433065,0.9816381069279909,0.005498913067451201,1,0.921924819600604,0.9220508589320469,0.9450098835008622,0.9552403583294782,0.9382912057871051,0.9365034252300193,0.013023371823785053,12
1.3323776721954346,0.3022791235964077,0.08672418594360351,0.008125893046039829,poly,auto,3,10.0,"{'kernel': 'poly', 'gamma': 'auto', 'degree': 3, 'C': 10}",0.9601862728645747,0.9732694423288483,0.9787504731463179,0.9802855700887412,0.971968709256845,0.9728920935370654,0.0070910791388532025,37,0.9214004027521395,0.9281226199543031,0.9300269167683055,0.940772595365269,0.9432539849434327,0.93271530395669,0.008152679351872999,30
2.504716157913208,1.3903509309780877,0.6832756519317627,1.0137929261675938,rbf,auto,4,100.0,"{'kernel': 'rbf', 'gamma': 'auto', 'degree': 4, 'C': 100}",0.9671295519382447,0.9777756621816027,0.9812318627244816,0.9881923707784833,0.9800647684737351,0.9788788432193094,0.0068256540947451575,18,0.9173519046819935,0.9325124820174324,0.9390166968078395,0.9534844597720488,0.9402573915969215,0.9365245869752471,0.011759850845614948,10
1.3996989727020264,0.5199432478383981,0.07243103981018066,0.0055636913132175595,poly,scale,2,1.0,"{'kernel': 'poly', 'gamma': 'scale', 'degree': 2, 'C': 1}",0.9686398724618224,0.9778814419903529,0.9794864785296715,0.9836922235774068,0.9740295243302352,0.9767459081778977,0.0051017255269141856,30,0.9164499077026346,0.9305978674790555,0.9377760020187575,0.9437691887117803,0.9390166968078395,0.9335219325440134,0.00952155438011641,27
0.7492334842681885,0.03002923503776748,0.0520439624786377,0.006355242000615443,poly,auto,2,100.0,"{'kernel': 'poly', 'gamma': 'auto', 'degree': 2, 'C': 100}",0.9656192314146669,0.9763159008208513,0.977509778357236,0.9902742145771124,0.9766160575345922,0.9772670365408918,0.007826179158931041,28,0.9203515690552105,0.9287996107303037,0.9414980863860033,0.9492471716364554,0.9280607309584893,0.9335914337532925,0.010358200065959939,26
0.8793948650360107,0.019334782681966138,0.06517891883850098,0.006245265356294961,poly,scale,3,1.0,"{'kernel': 'poly', 'gamma': 'scale', 'degree': 3, 'C': 1}",0.9650948145662025,0.9744964881103495,0.9796336796063423,0.9849539470917273,0.9717794507296967,0.9751916760208635,0.006769143390675862,32,0.9152122839402583,0.9318354912414318,0.9414980863860033,0.9425284939226984,0.9335387138831643,0.9329226138747113,0.009808454124026143,29
0.8796792507171631,0.034134870177724624,0.06814494132995605,0.0026548430326774814,poly,auto,2,10.0,"{'kernel': 'poly', 'gamma': 'auto', 'degree': 2, 'C': 10}",0.9686188957878838,0.9778179741051028,0.9796336796063423,0.9837553097531228,0.9740715817807125,0.9767794882066327,0.005134490697088729,29,0.9164499077026346,0.9305978674790555,0.9420132901543508,0.9437691887117803,0.9390166968078395,0.9343693901711321,0.010037082383735282,25
1.2806305408477783,0.057147747513160325,0.11812782287597656,0.03980439287877639,poly,scale,4,0.1,"{'kernel': 'poly', 'gamma': 'scale', 'degree': 4, 'C': 0.1}",0.9541030374223864,0.9653359566725903,0.9751966185809816,0.976984060226269,0.966900786474324,0.9677040918753104,0.008166980043651496,43,0.9152122839402583,0.9037192180756536,0.9295117129999578,0.9243386465912437,0.9123522732051982,0.9170268269624623,0.009072723506713235,42
0.9857661724090576,0.12482335977016265,0.06513910293579102,0.011505523311651774,poly,auto,3,100.0,"{'kernel': 'poly', 'gamma': 'auto', 'degree': 3, 'C': 100}",0.9653884880013426,0.9731636625200981,0.9807902594944695,0.9903373007528284,0.9721789965092316,0.9763717414555941,0.008521301370405646,31,0.9184007383789226,0.9312748582550562,0.9372607982504101,0.9504878664255374,0.9293014257475712,0.9333451374114995,0.010518348540579881,28
0.959193229675293,0.15073811019006067,0.08503866195678711,0.02784975188335678,linear,auto,2,0.1,"{'kernel': 'linear', 'gamma': 'auto', 'degree': 2, 'C': 0.1}",0.972163953683504,0.9798701023948548,0.9857320099255583,0.9892017495899398,0.9799596248475417,0.9813854880882797,0.005819834576753206,5,0.9244000671253566,0.9293602437166794,0.9450098835008622,0.9572065441392943,0.9450098835008622,0.940197324396611,0.01185437186422172,1
7.964912986755371,5.401919572667237,2.567580223083496,3.490981670449283,rbf,auto,4,0.1,"{'kernel': 'rbf', 'gamma': 'auto', 'degree': 4, 'C': 0.1}",0.9602492028863904,0.9617394431750866,0.9735563780123649,0.9764373133700636,0.9588467847079111,0.9661658244303633,0.0073251808340453264,44,0.9065489176036248,0.8925806042142675,0.9116267821844639,0.9096605963746477,0.9011860201034613,0.904320584096093,0.006848567016712156,44
2.116054916381836,0.21186129925132674,0.27663264274597166,0.03911689863252516,rbf,scale,2,10.0,"{'kernel': 'rbf', 'gamma': 'scale', 'degree': 2, 'C': 10}",0.9678008055042793,0.9754696623508505,0.9852273205198302,0.9884026580308701,0.9771207469403205,0.97880423866923,0.0073268645373223504,21,0.9161142809196173,0.9239654734704238,0.9342642049038988,0.946250578289944,0.9305421205366531,0.9302273316241074,0.010114632364798632,34
4.611515617370605,0.6313974238426712,0.5676357269287109,0.18427044320727934,rbf,scale,3,0.1,"{'kernel': 'rbf', 'gamma': 'scale', 'degree': 3, 'C': 0.1}",0.963164960563853,0.9646801218583397,0.9781406401143963,0.9777831517853388,0.9636623627875678,0.969486247421899,0.006938476455251809,41,0.9097373720422889,0.8957328425150208,0.9287862219792236,0.9188606636665684,0.9031522059132775,0.9112538612232758,0.011611078305033119,43
38.33896536827088,5.869770653513487,0.04434776306152344,0.004637223559936238,linear,auto,2,100.0,"{'kernel': 'linear', 'gamma': 'auto', 'degree': 2, 'C': 100}",0.9669617385467361,0.982028010493357,0.9780354964882029,0.9873932792194137,0.9780670395760609,0.9784971128647542,0.0067092760748532045,24,0.921924819600604,0.939144876026064,0.9395319005761871,0.9492471716364554,0.9320877318416957,0.9363872999362013,0.009061110996784087,16
1.481104326248169,0.2543819277263593,0.0666771411895752,0.008972168563529321,linear,scale,3,0.1,"{'kernel': 'linear', 'gamma': 'scale', 'degree': 3, 'C': 0.1}",0.972163953683504,0.9798701023948548,0.9857320099255583,0.9892017495899398,0.9799596248475417,0.9813854880882797,0.005819834576753206,5,0.9244000671253566,0.9293602437166794,0.9450098835008622,0.9572065441392943,0.9450098835008622,0.940197324396611,0.01185437186422172,1
4.94896502494812,0.8709631262018783,0.05389671325683594,0.025771717236272126,linear,scale,2,10.0,"{'kernel': 'linear', 'gamma': 'scale', 'degree': 2, 'C': 10}",0.9670456452424905,0.9817741389523569,0.9801173402868317,0.9876666526475165,0.9789292173108466,0.9791065988880086,0.0067366157022516445,14,0.9244000671253566,0.925086739443175,0.9420132901543508,0.9485216806157211,0.9320877318416957,0.9344219018360598,0.009481178362073425,21
32.82423386573792,5.031375137666645,0.024341392517089843,0.011464684698690459,linear,scale,4,100.0,"{'kernel': 'linear', 'gamma': 'scale', 'degree': 4, 'C': 100}",0.9669617385467361,0.982028010493357,0.9780354964882029,0.9873932792194137,0.9780670395760609,0.9784971128647542,0.0067092760748532045,24,0.921924819600604,0.939144876026064,0.9395319005761871,0.9492471716364554,0.9320877318416957,0.9363872999362013,0.009061110996784087,16
1.0198408603668212,0.040771323768830664,0.1669769287109375,0.009082961952073242,rbf,auto,4,10.0,"{'kernel': 'rbf', 'gamma': 'auto', 'degree': 4, 'C': 10}",0.9700033562678303,0.9791931116188541,0.9819888968330739,0.988739117634689,0.977352062917946,0.9794553090544786,0.0061063896382879505,11,0.9201627789897633,0.9373466192773123,0.9402573915969215,0.946250578289944,0.9390166968078395,0.9366068129923562,0.008753171321125715,7
0.9480977535247803,0.036925195467146815,0.07298297882080078,0.0034977967890458483,poly,auto,4,100.0,"{'kernel': 'poly', 'gamma': 'auto', 'degree': 4, 'C': 100}",0.960962409800302,0.9716404332740965,0.9806010009673214,0.9884657442065862,0.9676788493081548,0.9738696875112922,0.009677286002962396,34,0.9152122839402583,0.9305978674790555,0.9355048996929806,0.949762375404803,0.9293014257475712,0.9320757704529337,0.011125046383507689,31
0.7829604148864746,0.01656089019407702,0.0520780086517334,0.002455497417574322,linear,auto,4,0.1,"{'kernel': 'linear', 'gamma': 'auto', 'degree': 4, 'C': 0.1}",0.972163953683504,0.9798701023948548,0.9857320099255583,0.9892017495899398,0.9799596248475417,0.9813854880882797,0.005819834576753206,5,0.9244000671253566,0.9293602437166794,0.9450098835008622,0.9572065441392943,0.9450098835008622,0.940197324396611,0.01185437186422172,1
0.9795897483825684,0.052621780667205444,0.04493241310119629,0.004041834950471411,linear,auto,3,1.0,"{'kernel': 'linear', 'gamma': 'auto', 'degree': 3, 'C': 1}",0.9726883705319684,0.9803143775916052,0.9836922235774067,0.9897064389956681,0.9817891239433065,0.9816381069279909,0.005498913067451201,1,0.921924819600604,0.9220508589320469,0.9450098835008622,0.9552403583294782,0.9382912057871051,0.9365034252300193,0.013023371823785053,12
1.0645086765289307,0.026952880681768557,0.1687304973602295,0.006826020858667896,rbf,auto,2,10.0,"{'kernel': 'rbf', 'gamma': 'auto', 'degree': 2, 'C': 10}",0.9700033562678303,0.9791931116188541,0.9819888968330739,0.988739117634689,0.977352062917946,0.9794553090544786,0.0061063896382879505,11,0.9201627789897633,0.9373466192773123,0.9402573915969215,0.946250578289944,0.9390166968078395,0.9366068129923562,0.008753171321125715,7
