mean_fit_time,std_fit_time,mean_score_time,std_score_time,param_colsample_bytree,param_gamma,param_learning_rate,param_max_depth,param_reg_alpha,param_reg_lambda,param_scale_pos_weight,param_subsample,params,split0_test_AUC,split1_test_AUC,split2_test_AUC,split3_test_AUC,split4_test_AUC,mean_test_AUC,std_test_AUC,rank_test_AUC,split0_test_F1,split1_test_F1,split2_test_F1,split3_test_F1,split4_test_F1,mean_test_F1,std_test_F1,rank_test_F1
0.7636822700500489,0.11756691003168927,0.17142696380615235,0.04407247417122469,0.749816047538945,0.9507143064099162,0.22959818254342154,7,0.15601864044243652,0.15599452033620265,4.0,0.7836995567863468,"{'colsample_bytree': 0.749816047538945, 'gamma': 0.9507143064099162, 'learning_rate': 0.22959818254342154, 'max_depth': 7, 'reg_alpha': 0.15601864044243652, 'reg_lambda': 0.15599452033620265, 'scale_pos_weight': 4.0, 'subsample': 0.7836995567863468}",0.9757929182748784,0.983128120504358,0.9843861715102831,0.9889073474365985,0.9838709677419355,0.9832171050936107,0.00422609935396602,83,0.9270641047155561,0.9484852331386985,0.9358098162089413,0.9596879337174581,0.9352946124405939,0.9412683400442496,0.011476987254841902,18
0.948000717163086,0.06309605789595998,0.13934316635131835,0.011752746593139815,0.7334834444556088,0.14286681792194078,0.20526654188465587,7,0.9699098521619943,0.8324426408004217,3.4,0.6003115063364057,"{'colsample_bytree': 0.7334834444556088, 'gamma': 0.14286681792194078, 'learning_rate': 0.20526654188465587, 'max_depth': 7, 'reg_alpha': 0.9699098521619943, 'reg_lambda': 0.8324426408004217, 'scale_pos_weight': 3.4, 'subsample': 0.6003115063364057}",0.975960731666387,0.9828107810781078,0.9873512217689363,0.9882133995037221,0.984291542246709,0.9837255352527725,0.004352834527083257,64,0.9270641047155561,0.9442117288651942,0.9236131555705093,0.9566913403709467,0.9347794086722463,0.9372719476388905,0.01201872527322076,80
0.9824726104736328,0.022248515100390713,0.15486512184143067,0.017820973775465713,0.996884623716487,0.6174815096277165,0.19349594814648427,14,0.023062425041415757,0.5247746602583891,4.0,0.6557975442608167,"{'colsample_bytree': 0.996884623716487, 'gamma': 0.6174815096277165, 'learning_rate': 0.19349594814648427, 'max_depth': 14, 'reg_alpha': 0.023062425041415757, 'reg_lambda': 0.5247746602583891, 'scale_pos_weight': 4.0, 'subsample': 0.6557975442608167}",0.9758138949488169,0.9826838453076077,0.9856689237498423,0.985164234344114,0.9829877612819111,0.9824637319264584,0.003524467518011666,93,0.9203515690552105,0.9411758483540661,0.9358098162089413,0.955450645581865,0.9275455271901417,0.9360666812780449,0.012012347473930839,89
0.8479350566864013,0.0350607710290264,0.1454690933227539,0.01632464851091002,0.7168578594140873,0.3663618432936917,0.14682099526511078,5,0.38246199126716274,0.9832308858067882,3.0,0.6185801650879991,"{'colsample_bytree': 0.7168578594140873, 'gamma': 0.3663618432936917, 'learning_rate': 0.14682099526511078, 'max_depth': 5, 'reg_alpha': 0.38246199126716274, 'reg_lambda': 0.9832308858067882, 'scale_pos_weight': 3.0, 'subsample': 0.6185801650879991}",0.9771773787548247,0.9835935516628586,0.9860264120788997,0.990232157126635,0.9837237666652647,0.9841506532576967,0.004233729138842192,54,0.922826816579963,0.9552339849369552,0.934053917651512,0.96092862850654,0.9372607982504101,0.9420608291850762,0.01404723498680094,10
0.9511140823364258,0.019587414696233898,0.13991403579711914,0.011331793979967189,0.8430179407605753,0.17052412368729153,0.029515477895583855,6,0.9422017556848528,0.5632882178455393,3.4,0.7218455076693483,"{'colsample_bytree': 0.8430179407605753, 'gamma': 0.17052412368729153, 'learning_rate': 0.029515477895583855, 'max_depth': 6, 'reg_alpha': 0.9422017556848528, 'reg_lambda': 0.5632882178455393, 'scale_pos_weight': 3.4, 'subsample': 0.7218455076693483}",0.9818132236952509,0.9825357535753576,0.9891596921394625,0.9901270135004416,0.9851326912562561,0.9857536748333537,0.00337623571404672,7,0.922826816579963,0.938023610053313,0.9444946797325146,0.9534844597720488,0.9390166968078395,0.9395692525891357,0.010008959144180367,49
0.6683199882507325,0.029109351762219855,0.13148040771484376,0.007891202178078002,0.6390688456025535,0.6842330265121569,0.1420457481218804,9,0.6099966577826209,0.8331949117361643,4.0,0.9637281608315128,"{'colsample_bytree': 0.6390688456025535, 'gamma': 0.6842330265121569, 'learning_rate': 0.1420457481218804, 'max_depth': 9, 'reg_alpha': 0.6099966577826209, 'reg_lambda': 0.8331949117361643, 'scale_pos_weight': 4.0, 'subsample': 0.9637281608315128}",0.9785828159087094,0.9827473131928577,0.9891807208647012,0.9897484964461455,0.9845228582243345,0.9849564409273498,0.0041593189892150505,24,0.9215891928175868,0.9404988575780655,0.940772595365269,0.96092862850654,0.9395319005761871,0.9406642349687295,0.01245651758202544,29
0.7269441604614257,0.047412375276153065,0.13397045135498048,0.009742945498574322,0.7035119926400067,0.662522284353982,0.10351332282682328,8,0.20794166286818883,0.5677003278199915,3.0,0.9878338511058234,"{'colsample_bytree': 0.7035119926400067, 'gamma': 0.662522284353982, 'learning_rate': 0.10351332282682328, 'max_depth': 8, 'reg_alpha': 0.20794166286818883, 'reg_lambda': 0.5677003278199915, 'scale_pos_weight': 3.0, 'subsample': 0.9878338511058234}",0.9769256586675616,0.9825780654988576,0.9889914623375531,0.9896433528199521,0.9855112083105522,0.9847299495268953,0.0046572513208944415,36,0.9240644403423393,0.9442117288651942,0.9390166968078395,0.96092862850654,0.9372607982504101,0.9410964585544648,0.011934380732873503,24
0.6853584766387939,0.025156090067840486,0.13031177520751952,0.010060442257491293,0.9100531293444458,0.9394989415641891,0.27844820512829466,10,0.5704439744053994,0.5208342600258237,3.4,0.7301321323053057,"{'colsample_bytree': 0.9100531293444458, 'gamma': 0.9394989415641891, 'learning_rate': 0.27844820512829466, 'max_depth': 10, 'reg_alpha': 0.5704439744053994, 'reg_lambda': 0.5208342600258237, 'scale_pos_weight': 3.4, 'subsample': 0.7301321323053057}",0.977911562342675,0.983022340695608,0.9844492576859991,0.9872250494175043,0.9862051562434285,0.9837626732770431,0.0032621698676542406,62,0.922826816579963,0.9442117288651942,0.9315725280733481,0.9584472389283762,0.9402573915969215,0.9394631408087605,0.01202168837930283,52
0.8046572208404541,0.019561613395249,0.13184585571289062,0.014633280444493893,0.7554709158757928,0.2713490317738959,0.2586212527455788,12,0.965255307264138,0.6070342476866847,3.0,0.6563696899899051,"{'colsample_bytree': 0.7554709158757928, 'gamma': 0.2713490317738959, 'learning_rate': 0.2586212527455788, 'max_depth': 12, 'reg_alpha': 0.965255307264138, 'reg_lambda': 0.6070342476866847, 'scale_pos_weight': 3.0, 'subsample': 0.6563696899899051}",0.9754992448397383,0.9812029279851061,0.9875404802960845,0.9882975144046767,0.9843756571476637,0.9833831649346539,0.004676083227231397,76,0.9245888571908037,0.950960480663451,0.9322980190940826,0.9566913403709467,0.9317828153257349,0.9392643025290038,0.012331850489201216,56
0.811601972579956,0.023635665975145936,0.13232250213623048,0.01260978040048105,0.9208787923016158,0.07455064367977082,0.3060660809801552,10,0.3948815181755697,0.2934881747180381,4.0,0.9261845713819337,"{'colsample_bytree': 0.9208787923016158, 'gamma': 0.07455064367977082, 'learning_rate': 0.3060660809801552, 'max_depth': 10, 'reg_alpha': 0.3948815181755697, 'reg_lambda': 0.2934881747180381, 'scale_pos_weight': 4.0, 'subsample': 0.9261845713819337}",0.9734645074676959,0.9775429466023526,0.9867413887370148,0.9850380619926821,0.9819573537452159,0.9809488517089923,0.004876634098227466,100,0.92582648095318,0.9283553355335533,0.9358098162089413,0.9536947470244354,0.9355048996929806,0.935838255882618,0.009748804493374353,92
0.5879054546356202,0.007925502435870575,0.1177065372467041,0.0018053502484336303,0.8827429375390468,0.7290071680409873,0.24138110400578372,7,0.926300878513349,0.6510770255019445,4.0,0.9400154311159197,"{'colsample_bytree': 0.8827429375390468, 'gamma': 0.7290071680409873, 'learning_rate': 0.24138110400578372, 'max_depth': 7, 'reg_alpha': 0.926300878513349, 'reg_lambda': 0.6510770255019445, 'scale_pos_weight': 4.0, 'subsample': 0.9400154311159197}",0.9760865917100184,0.9819222306846069,0.9883185431299154,0.9891176346889851,0.9849224040038693,0.984073480843479,0.0047455871636994055,56,0.92582648095318,0.938023610053313,0.940772595365269,0.9664066114312151,0.9347794086722463,0.9411617412950447,0.013588282819384546,22
0.7978335857391358,0.028454085135154343,0.12691550254821776,0.012050074776567728,0.7797802696552814,0.09541011649041131,0.1212454756594799,10,0.6659223566174967,0.5912977877077271,3.4,0.9548850970305306,"{'colsample_bytree': 0.7797802696552814, 'gamma': 0.09541011649041131, 'learning_rate': 0.1212454756594799, 'max_depth': 10, 'reg_alpha': 0.6659223566174967, 'reg_lambda': 0.5912977877077271, 'scale_pos_weight': 3.4, 'subsample': 0.9548850970305306}",0.9767997986239302,0.981964542608107,0.9883185431299155,0.9872881355932204,0.9833873070614458,0.9835516654033238,0.004118689358972898,68,0.9270641047155561,0.9399382245916899,0.9382912057871051,0.9646507128737857,0.933023510114817,0.9405935516165908,0.012843899091547619,32
0.6294123649597168,0.013242885570590092,0.12013320922851563,0.009322447081583153,0.7888859700647797,0.1195942459383017,0.2239734361668985,3,0.7217295211648732,0.23598491974895575,3.4,0.7975182385457563,"{'colsample_bytree': 0.7888859700647797, 'gamma': 0.1195942459383017, 'learning_rate': 0.2239734361668985, 'max_depth': 3, 'reg_alpha': 0.7217295211648732, 'reg_lambda': 0.23598491974895575, 'scale_pos_weight': 3.4, 'subsample': 0.7975182385457563}",0.9767158919281759,0.9844186341711095,0.9883816293056316,0.9906527316314085,0.9838919964671742,0.9848121767006999,0.004762447024378344,31,0.9191139452928343,0.9515211136498265,0.9260945451486732,0.9614438322748875,0.9322980190940826,0.9380942910920609,0.01589543856510323,68
0.8092457771301269,0.019897055017500942,0.1223917007446289,0.007073209376965344,0.8090931317527976,0.42754101835854963,0.017625738023228556,5,0.03142918568673425,0.6364104112637804,3.0,0.8034282764658811,"{'colsample_bytree': 0.8090931317527976, 'gamma': 0.42754101835854963, 'learning_rate': 0.017625738023228556, 'max_depth': 5, 'reg_alpha': 0.03142918568673425, 'reg_lambda': 0.6364104112637804, 'scale_pos_weight': 3.0, 'subsample': 0.8034282764658811}",0.9822432455109918,0.9808855885588559,0.9889494048870757,0.9907789039828406,0.9837658241157421,0.9853245934111012,0.003860517911505275,13,0.9173519046819935,0.9417364813404417,0.9414980863860033,0.9517285612146192,0.9347794086722463,0.9374188884590609,0.01139911303428281,79
0.901530647277832,0.01666786092667985,0.12239766120910645,0.004284182319919069,0.9630265895704372,0.24929222914887494,0.1331148769106889,13,0.2030612247347694,0.942853570557981,4.0,0.7159005811655073,"{'colsample_bytree': 0.9630265895704372, 'gamma': 0.24929222914887494, 'learning_rate': 0.1331148769106889, 'max_depth': 13, 'reg_alpha': 0.2030612247347694, 'reg_lambda': 0.942853570557981, 'scale_pos_weight': 4.0, 'subsample': 0.7159005811655073}",0.9769885886893774,0.9822395701108573,0.9869516759894016,0.9873512217689364,0.9837868528409808,0.9834635818799107,0.0037632111332189036,71,0.9191139452928343,0.9313912160446813,0.934053917651512,0.9634100180847038,0.9414980863860033,0.937893436691947,0.014654552210197234,71
0.564521598815918,0.009231676388965914,0.1215479850769043,0.011126316291182374,0.6644885149016018,0.9296976523425731,0.2524361138693251,11,0.10549425983027061,0.45653457048291024,3.4,0.9533121035675474,"{'colsample_bytree': 0.6644885149016018, 'gamma': 0.9296976523425731, 'learning_rate': 0.2524361138693251, 'max_depth': 11, 'reg_alpha': 0.10549425983027061, 'reg_lambda': 0.45653457048291024, 'scale_pos_weight': 3.4, 'subsample': 0.9533121035675474}",0.9767578452760531,0.9824193957857326,0.9882975144046767,0.9896854102704294,0.9840391975438448,0.9842398726561473,0.004592460706872993,52,0.9240644403423393,0.9404988575780655,0.9315725280733481,0.9634100180847038,0.9347794086722463,0.9388650505501406,0.013372031803951565,63
0.6000294208526611,0.015625055852624647,0.11799087524414062,0.004354666705451183,0.7297380084021096,0.12208795470067335,0.11688935142309247,3,0.2721322493846353,0.6476901205413623,3.0,0.9272059063689972,"{'colsample_bytree': 0.7297380084021096, 'gamma': 0.12208795470067335, 'learning_rate': 0.11688935142309247, 'max_depth': 3, 'reg_alpha': 0.2721322493846353, 'reg_lambda': 0.6476901205413623, 'scale_pos_weight': 3.0, 'subsample': 0.9272059063689972}",0.9783310958214465,0.9845032580181096,0.9902531858518737,0.9912415359380915,0.9855112083105522,0.9859680567880147,0.004622757450111041,4,0.922826816579963,0.9515211136498265,0.9452201707532489,0.9626845270639696,0.9390166968078395,0.9442538649709695,0.013266365655529029,2
0.9924641609191894,0.020635279058017167,0.12953834533691405,0.01444736496779574,0.9442922333025374,0.006952130531190703,0.16322419077326972,11,0.4848299713589832,0.6924360328902703,3.4,0.7350460685614512,"{'colsample_bytree': 0.9442922333025374, 'gamma': 0.006952130531190703, 'learning_rate': 0.16322419077326972, 'max_depth': 11, 'reg_alpha': 0.4848299713589832, 'reg_lambda': 0.6924360328902703, 'scale_pos_weight': 3.4, 'subsample': 0.7350460685614512}",0.975813894948817,0.9822818820343573,0.9872040206922655,0.9887601463599277,0.9830929049081044,0.9834305697886944,0.004518640390543827,73,0.922826816579963,0.9363417110941863,0.9328132228624301,0.955450645581865,0.9414980863860033,0.9377860965008896,0.010736954319742588,75
0.6586726665496826,0.017845370229351187,0.11903462409973145,0.010502534606434617,0.9771638815650077,0.32320293202075523,0.16563718652300982,11,0.4038361710580408,0.06489224710898156,3.4,0.9849789179768444,"{'colsample_bytree': 0.9771638815650077, 'gamma': 0.32320293202075523, 'learning_rate': 0.16563718652300982, 'max_depth': 11, 'reg_alpha': 0.4038361710580408, 'reg_lambda': 0.06489224710898156, 'scale_pos_weight': 3.4, 'subsample': 0.9849789179768444}",0.9790652794092969,0.9812663958703562,0.9888022038104051,0.9877087100979939,0.9853429785086429,0.9844371135393389,0.003727948522092409,44,0.9215891928175868,0.9387006008293136,0.9437691887117803,0.9596879337174581,0.9275455271901417,0.9382584886532562,0.013284708209352014,66
0.615985631942749,0.01463562452282616,0.12017755508422852,0.010674763498811229,0.7007129183301457,0.49724850589238545,0.1002634929450309,3,0.9977404850489419,0.266781014275285,3.4,0.8010716092915446,"{'colsample_bytree': 0.7007129183301457, 'gamma': 0.49724850589238545, 'learning_rate': 0.1002634929450309, 'max_depth': 3, 'reg_alpha': 0.9977404850489419, 'reg_lambda': 0.266781014275285, 'scale_pos_weight': 3.4, 'subsample': 0.8010716092915446}",0.9800931364322872,0.9850744689853601,0.9899587836985322,0.9904424443790217,0.9861210413424739,0.986337974967535,0.0037576173544490933,1,0.92582648095318,0.9447723618515698,0.9377760020187575,0.9614438322748875,0.9360201034613282,0.9411677561119447,0.011810753525838873,21
0.5509259700775146,0.010247392316981555,0.13023319244384765,0.009252062000904343,0.6205915004999957,0.27864646423661144,0.2824797657899961,5,0.6807054515547668,0.5309345833171364,3.4,0.9942601816442402,"{'colsample_bytree': 0.6205915004999957, 'gamma': 0.27864646423661144, 'learning_rate': 0.2824797657899961, 'max_depth': 5, 'reg_alpha': 0.6807054515547668, 'reg_lambda': 0.5309345833171364, 'scale_pos_weight': 3.4, 'subsample': 0.9942601816442402}",0.9791701627789897,0.9823030379961073,0.9886760314589729,0.9884657442065863,0.9859738402658031,0.9849177633412918,0.003679667017268943,28,0.9245888571908037,0.9404988575780655,0.9382912057871051,0.9639252218530514,0.9390166968078395,0.9412641678433731,0.012696965648807648,19
0.6430031299591065,0.023754084443625232,0.1189424991607666,0.004062484614051793,0.6968221086046001,0.6721355474058786,0.23848588459861528,13,0.24215993827742588,0.8031397563798959,3.0,0.8529223322374317,"{'colsample_bytree': 0.6968221086046001, 'gamma': 0.6721355474058786, 'learning_rate': 0.23848588459861528, 'max_depth': 13, 'reg_alpha': 0.24215993827742588, 'reg_lambda': 0.8031397563798959, 'scale_pos_weight': 3.0, 'subsample': 0.8529223322374317}",0.9767788219499917,0.982091478378607,0.9890335197880304,0.9896433528199521,0.9854691508600748,0.9846032647593311,0.0047604701893112595,39,0.9215891928175868,0.9387006008293136,0.9352946124405939,0.9536947470244354,0.9360201034613282,0.9370598513146515,0.010226927519631931,82
0.6066073417663574,0.005008559088435762,0.12879643440246583,0.00573349518650388,0.8534118843043579,0.5357746840747585,0.03708693101632249,3,0.15071754396542947,0.5081987767407187,3.0,0.943343521925488,"{'colsample_bytree': 0.8534118843043579, 'gamma': 0.5357746840747585, 'learning_rate': 0.03708693101632249, 'max_depth': 3, 'reg_alpha': 0.15071754396542947, 'reg_lambda': 0.5081987767407187, 'scale_pos_weight': 3.0, 'subsample': 0.943343521925488}",0.9795477429098843,0.9845878818651096,0.9891281490516045,0.9921457711233544,0.983608108676452,0.9858035307252809,0.004397946375245315,6,0.9203515690552105,0.9367859862909368,0.9372607982504101,0.9559658493502124,0.9474912730790259,0.939571095205159,0.011949909373231189,48
0.720480489730835,0.03242186886252755,0.1391819477081299,0.02497378185226453,0.730383562080754,0.2202410475655483,0.22334485973140536,5,0.3486659872917294,0.09617655109142076,3.0,0.8763750952409863,"{'colsample_bytree': 0.730383562080754, 'gamma': 0.2202410475655483, 'learning_rate': 0.22334485973140536, 'max_depth': 5, 'reg_alpha': 0.3486659872917294, 'reg_lambda': 0.09617655109142076, 'scale_pos_weight': 3.0, 'subsample': 0.8763750952409863}",0.9729820439671085,0.9822184141491072,0.9871619632417883,0.9885919165580184,0.9849224040038693,0.9831753483839784,0.005533600820665929,84,0.92582648095318,0.9546733519505797,0.9238234428228961,0.9651659166421332,0.9305421205366531,0.9400062625810884,0.016737093833892738,45
0.8697000503540039,0.02493522798510856,0.13950581550598146,0.018593178086711775,0.7546941385202149,0.9367299887367345,0.051256283243797975,14,0.7352161192407721,0.20907162073771368,4.0,0.9509357413523924,"{'colsample_bytree': 0.7546941385202149, 'gamma': 0.9367299887367345, 'learning_rate': 0.051256283243797975, 'max_depth': 14, 'reg_alpha': 0.7352161192407721, 'reg_lambda': 0.20907162073771368, 'scale_pos_weight': 4.0, 'subsample': 0.9509357413523924}",0.977806678972982,0.9831810104087332,0.9896012953694747,0.9899167262480549,0.9845228582243344,0.9850057138447159,0.0044861165308162955,20,0.9215891928175868,0.9349877295421849,0.9395319005761871,0.9566913403709467,0.9420132901543508,0.9389626906922512,0.011327611583608866,60
0.7459026336669922,0.07128225044193048,0.14152469635009765,0.02733520081430176,0.7031766510860622,0.659984046034179,0.25516666006036476,11,0.5166358912710143,0.260829174830409,3.0,0.6372411071223597,"{'colsample_bytree': 0.7031766510860622, 'gamma': 0.659984046034179, 'learning_rate': 0.25516666006036476, 'max_depth': 11, 'reg_alpha': 0.5166358912710143, 'reg_lambda': 0.260829174830409, 'scale_pos_weight': 3.0, 'subsample': 0.6372411071223597}",0.9752894781003524,0.9780930016078531,0.9859002397274678,0.9893068932161332,0.9844177145981411,0.9826014654499895,0.005156255219555938,90,0.9203515690552105,0.9301535922823051,0.9230979518021617,0.9584472389283762,0.9263048324010598,0.9316710368938226,0.013781813555121383,100
0.649559497833252,0.062289291041934994,0.11974287033081055,0.011103187286164171,0.9588863031813307,0.9004180571633305,0.1999304371819804,11,0.2788713525921819,0.7003578299727713,4.0,0.942529716751237,"{'colsample_bytree': 0.9588863031813307, 'gamma': 0.9004180571633305, 'learning_rate': 0.1999304371819804, 'max_depth': 11, 'reg_alpha': 0.2788713525921819, 'reg_lambda': 0.7003578299727713, 'scale_pos_weight': 4.0, 'subsample': 0.942529716751237}",0.9768207752978688,0.9811606160616061,0.9870357908903562,0.9882764856794383,0.9841443411700382,0.9834876018198615,0.004142844420637397,70,0.9215891928175868,0.9362253533045611,0.9437691887117803,0.9559658493502124,0.9390166968078395,0.9393132561983959,0.011143874619938817,55
0.6314142227172852,0.007479976375368578,0.13084287643432618,0.017873921257541073,0.761803250848876,0.8877700987609598,0.2652785346302538,3,0.16162871409461377,0.8985541885270792,3.4,0.6036788206466518,"{'colsample_bytree': 0.761803250848876, 'gamma': 0.8877700987609598, 'learning_rate': 0.2652785346302538, 'max_depth': 3, 'reg_alpha': 0.16162871409461377, 'reg_lambda': 0.8985541885270792, 'scale_pos_weight': 3.4, 'subsample': 0.6036788206466518}",0.9727722772277227,0.9827473131928578,0.9896433528199521,0.9884657442065862,0.9848382891029146,0.9836933953100067,0.005994230254126985,65,0.9300637690887732,0.9502834898874503,0.9328132228624301,0.9626845270639696,0.9305421205366531,0.9412774258878553,0.013053802374603057,17
0.743779993057251,0.04326032130760177,0.13428215980529784,0.01778030518745303,0.6405886171464128,0.6635017691080558,0.011518475153865606,4,0.4856137535862266,0.44842414298624733,3.0,0.689707723784224,"{'colsample_bytree': 0.6405886171464128, 'gamma': 0.6635017691080558, 'learning_rate': 0.011518475153865606, 'max_depth': 4, 'reg_alpha': 0.4856137535862266, 'reg_lambda': 0.44842414298624733, 'scale_pos_weight': 3.0, 'subsample': 0.689707723784224}",0.9763278234603122,0.976083185241601,0.9883185431299154,0.9891176346889851,0.981337006350675,0.9822368385742977,0.005620072819113751,95,0.9233512334284275,0.9344270965558094,0.9305421205366531,0.9566913403709467,0.9444946797325146,0.9379012941248703,0.011614390406916182,70
0.8095357418060303,0.0052808799628076206,0.12980117797851562,0.020651997201563792,0.8848716885390143,0.23724908749680007,0.10761990944778031,6,0.3664687845828599,0.7441705230565623,4.0,0.8630451569201374,"{'colsample_bytree': 0.8848716885390143, 'gamma': 0.23724908749680007, 'learning_rate': 0.10761990944778031, 'max_depth': 6, 'reg_alpha': 0.3664687845828599, 'reg_lambda': 0.7441705230565623, 'scale_pos_weight': 4.0, 'subsample': 0.8630451569201374}",0.9762334284275885,0.9813510197173564,0.9893699793918492,0.9881503133280062,0.9852168061572109,0.9840643094044023,0.004792879064685215,57,0.92582648095318,0.9349877295421849,0.9328132228624301,0.9688880010093789,0.9377760020187575,0.9400582872771863,0.014947287682004321,44
0.9477012634277344,0.029640403477204605,0.12330541610717774,0.006373999712209167,0.8273234413341887,0.09367476782809248,0.12031474091783005,9,0.25046181860558414,0.5898708475605439,3.4,0.7572390898667042,"{'colsample_bytree': 0.8273234413341887, 'gamma': 0.09367476782809248, 'learning_rate': 0.12031474091783005, 'max_depth': 9, 'reg_alpha': 0.25046181860558414, 'reg_lambda': 0.5898708475605439, 'scale_pos_weight': 3.4, 'subsample': 0.7572390898667042}",0.9735903675113274,0.9821337903021071,0.9873932792194137,0.9885078016570636,0.9847331454767212,0.9832716768333267,0.005320959235711887,79,0.9270641047155561,0.93510408733181,0.9328132228624301,0.9579320351600287,0.9360201034613282,0.9377867107062305,0.010543825939754541,74
0.626008415222168,0.02043936372267859,0.12362499237060547,0.0064613510893800925,0.9568186220708453,0.6311386259972629,0.24844339106249452,3,0.5769038846263591,0.4925176938188639,3.0,0.6920741072966221,"{'colsample_bytree': 0.9568186220708453, 'gamma': 0.6311386259972629, 'learning_rate': 0.24844339106249452, 'max_depth': 3, 'reg_alpha': 0.5769038846263591, 'reg_lambda': 0.4925176938188639, 'scale_pos_weight': 3.0, 'subsample': 0.6920741072966221}",0.9755831515354925,0.9841012947448591,0.9878559111746646,0.9881923707784834,0.9862472136939059,0.9843959883854811,0.004638179768182835,47,0.9288261453263968,0.9447723618515698,0.9335387138831643,0.9579320351600287,0.9352946124405939,0.9400727737323507,0.01032521923425214,43
0.5682594299316406,0.01853347715193692,0.12104263305664062,0.005993604368116281,0.7996773519539009,0.5720041992091831,0.24056620429189268,3,0.994550510797341,0.46994451399094295,3.4,0.9659457560881795,"{'colsample_bytree': 0.7996773519539009, 'gamma': 0.5720041992091831, 'learning_rate': 0.24056620429189268, 'max_depth': 3, 'reg_alpha': 0.994550510797341, 'reg_lambda': 0.46994451399094295, 'scale_pos_weight': 3.4, 'subsample': 0.9659457560881795}",0.9773242154723947,0.9844186341711094,0.9901900996761576,0.9903793582033057,0.9839340539176515,0.9852492722881238,0.004815720950210711,16,0.9275885215640207,0.946009985613946,0.9432539849434327,0.9656811204104808,0.9457353745215965,0.9456537974106954,0.012110660450143657,1
0.635901403427124,0.007318358753699697,0.11702237129211426,0.007516972283993611,0.7480634801021777,0.015456616528867428,0.2884955687763176,3,0.5527649668354899,0.5722924691708383,3.0,0.6301385024024513,"{'colsample_bytree': 0.7480634801021777, 'gamma': 0.015456616528867428, 'learning_rate': 0.2884955687763176, 'max_depth': 3, 'reg_alpha': 0.5527649668354899, 'reg_lambda': 0.5722924691708383, 'scale_pos_weight': 3.0, 'subsample': 0.6301385024024513}",0.9757929182748784,0.983043496657358,0.9881292846027674,0.9884236867561089,0.9843335996971864,0.9839445971976598,0.004582292577729262,60,0.9270641047155561,0.9497228569010747,0.9315725280733481,0.9596879337174581,0.9347794086722463,0.9405653664159367,0.0122160937140845,33
0.740307092666626,0.018574719012330876,0.11859359741210937,0.006807736538867461,0.7222788077148727,0.19091103115034602,0.09054245706704704,5,0.1694927466860925,0.5568012624583502,4.0,0.9376852562905246,"{'colsample_bytree': 0.7222788077148727, 'gamma': 0.19091103115034602, 'learning_rate': 0.09054245706704704, 'max_depth': 5, 'reg_alpha': 0.1694927466860925, 'reg_lambda': 0.5568012624583502, 'scale_pos_weight': 4.0, 'subsample': 0.9376852562905246}",0.9768837053196845,0.9831281205043582,0.98951718046852,0.9886550027337343,0.9849224040038693,0.9846212826060332,0.00452616887375751,38,0.9245888571908037,0.9515211136498265,0.934053917651512,0.9651659166421332,0.9335387138831643,0.9417737038034879,0.014594085997571307,12
0.9872851371765137,0.009300210400840813,0.1369347095489502,0.02088034097055475,0.9720067339243328,0.0704161308495439,0.07267561528460804,8,0.3586467812961639,0.25416364906973876,3.4,0.9509492287711822,"{'colsample_bytree': 0.9720067339243328, 'gamma': 0.0704161308495439, 'learning_rate': 0.07267561528460804, 'max_depth': 8, 'reg_alpha': 0.3586467812961639, 'reg_lambda': 0.25416364906973876, 'scale_pos_weight': 3.4, 'subsample': 0.9509492287711822}",0.9769256586675616,0.980970212405856,0.9874563653951297,0.9875194515708459,0.9832821634352524,0.983230770294929,0.004027794356605746,81,0.922826816579963,0.9301535922823051,0.9352946124405939,0.9634100180847038,0.9342642049038988,0.937189848858293,0.013823560979139636,81
0.7226388931274415,0.010336380273233714,0.1224513053894043,0.005866106184928367,0.8963074471016818,0.697015740995268,0.2207452251961328,9,0.29359184426449336,0.8093611554785136,4.0,0.7024827774377832,"{'colsample_bytree': 0.8963074471016818, 'gamma': 0.697015740995268, 'learning_rate': 0.2207452251961328, 'max_depth': 9, 'reg_alpha': 0.29359184426449336, 'reg_lambda': 0.8093611554785136, 'scale_pos_weight': 4.0, 'subsample': 0.7024827774377832}",0.975813894948817,0.9813721756791063,0.9871619632417883,0.985753038650797,0.9849854901795853,0.9830173125400187,0.004077542159147594,88,0.9203515690552105,0.9411758483540661,0.9328132228624301,0.96092862850654,0.9360201034613282,0.9382578744479151,0.013249643648009348,67
0.9409844875335693,0.028596488554040463,0.1210113525390625,0.004748824221359877,0.8446054843462723,0.08159418040024036,0.011555458832196034,6,0.7982951789667752,0.6499639307777652,3.4,0.9183170677744404,"{'colsample_bytree': 0.8446054843462723, 'gamma': 0.08159418040024036, 'learning_rate': 0.011555458832196034, 'max_depth': 6, 'reg_alpha': 0.7982951789667752, 'reg_lambda': 0.6499639307777652, 'scale_pos_weight': 3.4, 'subsample': 0.9183170677744404}",0.9783415841584158,0.9767601760176017,0.987961054800858,0.9886129452832569,0.9815893510535392,0.9826530222627344,0.0048608934091121615,89,0.9173519046819935,0.9447723618515698,0.9457353745215965,0.954209950792783,0.9255793413803256,0.9375297866456537,0.013769346437339404,78
0.7385966300964355,0.04319900292244504,0.12050743103027343,0.00484142958852098,0.9560021367270265,0.3379951568515358,0.1226748857919832,4,0.43847412301808697,0.6720261352951994,4.0,0.786239207252984,"{'colsample_bytree': 0.9560021367270265, 'gamma': 0.3379951568515358, 'learning_rate': 0.1226748857919832, 'max_depth': 4, 'reg_alpha': 0.43847412301808697, 'reg_lambda': 0.6720261352951994, 'scale_pos_weight': 4.0, 'subsample': 0.786239207252984}",0.9762963584494042,0.982916560886858,0.9893279219413719,0.9900639273247256,0.983702737940026,0.9844615013084772,0.004994023382174471,43,0.9203515690552105,0.946009985613946,0.9370505109980233,0.9639252218530514,0.9402573915969215,0.9415189358234304,0.014084224593623684,15
0.8709414005279541,0.04172417534295505,0.11975693702697754,0.004212271620652887,0.8170578538830306,0.2865412521282844,0.18724997817070324,8,0.25025136051586405,0.0388347344294232,4.0,0.7440762565645052,"{'colsample_bytree': 0.8170578538830306, 'gamma': 0.2865412521282844, 'learning_rate': 0.18724997817070324, 'max_depth': 8, 'reg_alpha': 0.25025136051586405, 'reg_lambda': 0.0388347344294232, 'scale_pos_weight': 4.0, 'subsample': 0.7440762565645052}",0.9730449739889242,0.9816472031818567,0.9849539470917273,0.986531101484628,0.9833662783362073,0.9819087008166687,0.004720141509028366,97,0.9215891928175868,0.9331894727934331,0.9303318332842664,0.9549354418135172,0.9402573915969215,0.9360606664611449,0.011174582574127671,90
0.7158920288085937,0.018781793194786393,0.1295854091644287,0.012274715978933794,0.6508242050607539,0.5222432600548044,0.24099806592958326,14,0.9652518303907698,0.45726516161372854,3.4,0.6206726884674431,"{'colsample_bytree': 0.6508242050607539, 'gamma': 0.5222432600548044, 'learning_rate': 0.24099806592958326, 'max_depth': 14, 'reg_alpha': 0.9652518303907698, 'reg_lambda': 0.45726516161372854, 'scale_pos_weight': 3.4, 'subsample': 0.6206726884674431}",0.97975750964927,0.9838474232038589,0.9862156706060479,0.9877297388232326,0.9840602262690835,0.9843221137102987,0.0026954403339887454,49,0.9215891928175868,0.9466869763899466,0.9303318332842664,0.9596879337174581,0.9347794086722463,0.9386150689763009,0.013284773691435912,64
0.731041955947876,0.019112804978801773,0.1258091449737549,0.007585594222436467,0.8125418526272592,0.5406351216101065,0.20122897044946197,6,0.1327454222429698,0.969536867114159,3.4,0.7291825891764984,"{'colsample_bytree': 0.8125418526272592, 'gamma': 0.5406351216101065, 'learning_rate': 0.20122897044946197, 'max_depth': 6, 'reg_alpha': 0.1327454222429698, 'reg_lambda': 0.969536867114159, 'scale_pos_weight': 3.4, 'subsample': 0.7291825891764984}",0.9763173351233428,0.9823241939578573,0.9845754300374311,0.9885498591075409,0.9843756571476637,0.9832284950747672,0.0040007254884246325,82,0.9270641047155561,0.9472476093763222,0.9298166295159187,0.9664066114312151,0.9317828153257349,0.9404635540729493,0.014746681675925103,34
0.7276628494262696,0.008197336905820151,0.12256393432617188,0.0030578490078736428,0.9180744779074814,0.2708322512620742,0.14169142621169084,9,0.2508605273466612,0.18433367433137005,3.4,0.9343920482048823,"{'colsample_bytree': 0.9180744779074814, 'gamma': 0.2708322512620742, 'learning_rate': 0.14169142621169084, 'max_depth': 9, 'reg_alpha': 0.2508605273466612, 'reg_lambda': 0.18433367433137005, 'scale_pos_weight': 3.4, 'subsample': 0.9343920482048823}",0.9769046819936231,0.9798701023948548,0.9878138537241873,0.9871199057913109,0.9850906338057788,0.983359835541951,0.004261908343648744,77,0.9215891928175868,0.9301535922823051,0.9382912057871051,0.967647306220297,0.9300269167683055,0.93754164277512,0.015952729376960444,77
0.6313681125640869,0.012164706724055376,0.11500329971313476,0.0014167683334089024,0.8783896824374792,0.4089529444142699,0.06198829602125373,3,0.44235222973110444,0.23978735915740323,3.4,0.8858383690800249,"{'colsample_bytree': 0.8783896824374792, 'gamma': 0.4089529444142699, 'learning_rate': 0.06198829602125373, 'max_depth': 3, 'reg_alpha': 0.44235222973110444, 'reg_lambda': 0.23978735915740323, 'scale_pos_weight': 3.4, 'subsample': 0.8858383690800249}",0.9791491861050512,0.9851590928323603,0.9893910081170879,0.991788282794297,0.9850906338057788,0.986115640730915,0.004322129397106979,3,0.9343010572243665,0.9343107387661843,0.9305421205366531,0.9607183412541532,0.946250578289944,0.9412245672142603,0.01109160669209654,20
0.721979284286499,0.021698862956430545,0.12087855339050294,0.003248547652733268,0.8640789506870925,0.27993389694594284,0.29645958419895824,9,0.6571113285001668,0.43567289867789105,3.0,0.7678400249711159,"{'colsample_bytree': 0.8640789506870925, 'gamma': 0.27993389694594284, 'learning_rate': 0.29645958419895824, 'max_depth': 9, 'reg_alpha': 0.6571113285001668, 'reg_lambda': 0.43567289867789105, 'scale_pos_weight': 3.0, 'subsample': 0.7678400249711159}",0.9752475247524752,0.982154946263857,0.9868044749127308,0.9868885898136855,0.9854270934095976,0.9833045258304691,0.004378064661307498,78,0.9270641047155561,0.9381399678429381,0.9290911384951844,0.96092862850654,0.9402573915969215,0.9390962462314281,0.012031543982336888,58
0.7892063617706299,0.013954409836282041,0.12622756958007814,0.006766991644727687,0.699092395800463,0.3559726786512616,0.23735383313931074,11,0.3418796667164016,0.09179906581344188,4.0,0.616291520927588,"{'colsample_bytree': 0.699092395800463, 'gamma': 0.3559726786512616, 'learning_rate': 0.23735383313931074, 'max_depth': 11, 'reg_alpha': 0.3418796667164016, 'reg_lambda': 0.09179906581344188, 'scale_pos_weight': 4.0, 'subsample': 0.616291520927588}",0.977806678972982,0.9783680291106033,0.9857109812003197,0.9883185431299154,0.9798544812213484,0.9820117427270338,0.004220736521085857,96,0.9203515690552105,0.9338664635694338,0.9370505109980233,0.9512133574462717,0.9390166968078395,0.9362997195753557,0.009905821393408695,87
0.7181585311889649,0.028712179253210558,0.1211827278137207,0.00822012907032449,0.9421842336044028,0.7036578593800237,0.15225214872619755,12,0.7633644230039109,0.8069129770507795,3.0,0.7858695251758445,"{'colsample_bytree': 0.9421842336044028, 'gamma': 0.7036578593800237, 'learning_rate': 0.15225214872619755, 'max_depth': 12, 'reg_alpha': 0.7633644230039109, 'reg_lambda': 0.8069129770507795, 'scale_pos_weight': 3.0, 'subsample': 0.7858695251758445}",0.9799253230407787,0.9835723957011084,0.9889914623375531,0.9886970601842116,0.9850906338057787,0.9852553750138862,0.003378536913239674,15,0.9240644403423393,0.9417364813404417,0.9377760020187575,0.9634100180847038,0.9347794086722463,0.9403532700916977,0.012934938096630185,36
0.7659588813781738,0.006721582271788,0.14111719131469727,0.029970229024975203,0.8599094730571053,0.048058924197033726,0.2947437194774158,6,0.04530400977204452,0.3746126146264712,3.4,0.9733745232317932,"{'colsample_bytree': 0.8599094730571053, 'gamma': 0.048058924197033726, 'learning_rate': 0.2947437194774158, 'max_depth': 6, 'reg_alpha': 0.04530400977204452, 'reg_lambda': 0.3746126146264712, 'scale_pos_weight': 3.4, 'subsample': 0.9733745232317932}",0.9761914750797114,0.9806105610561056,0.9851221768936367,0.9856689237498423,0.9853429785086428,0.9825872230575878,0.0036967510892180516,91,0.9215891928175868,0.9246424642464245,0.9382912057871051,0.9524540522353534,0.9355048996929806,0.9344963629558901,0.01096896479597736,96
0.6532329559326172,0.027576596825958973,0.11964650154113769,0.006880563400386122,0.8004159535661037,0.5393774484000625,0.21518913081944233,10,0.9438916045607572,0.9442515971251674,4.0,0.9203797178729599,"{'colsample_bytree': 0.8004159535661037, 'gamma': 0.5393774484000625, 'learning_rate': 0.21518913081944233, 'max_depth': 10, 'reg_alpha': 0.9438916045607572, 'reg_lambda': 0.9442515971251674, 'scale_pos_weight': 4.0, 'subsample': 0.9203797178729599}",0.9801141131062259,0.9815837352966066,0.9882554569541994,0.988739117634689,0.9857425242881777,0.9848869894559797,0.003481644477321826,29,0.92582648095318,0.9435347380891935,0.9370505109980233,0.96092862850654,0.9360201034613282,0.9406720924016531,0.011607506429410582,27
0.7414008617401123,0.013148126615623533,0.12066454887390136,0.007025658055560744,0.8708673369531927,0.5733670416719333,0.048550105970173056,5,0.8206394757439553,0.6259396701015728,3.0,0.9844762255295657,"{'colsample_bytree': 0.8708673369531927, 'gamma': 0.5733670416719333, 'learning_rate': 0.048550105970173056, 'max_depth': 5, 'reg_alpha': 0.8206394757439553, 'reg_lambda': 0.6259396701015728, 'scale_pos_weight': 3.0, 'subsample': 0.9844762255295657}",0.9805126699110589,0.9829165608868579,0.9889914623375531,0.9903162720275898,0.985132691256256,0.9855739312838632,0.0036617479734473175,10,0.9215891928175868,0.942974105102818,0.9427387811750851,0.9591727299491106,0.9305421205366531,0.9394033859162508,0.012732394593443056,54
0.7448179721832275,0.024676202339301526,0.12739458084106445,0.010927800238050513,0.9621402567824255,0.19579113478929644,0.030808390262549633,4,0.03896313231023363,0.6182538843378929,4.0,0.6284754593840916,"{'colsample_bytree': 0.9621402567824255, 'gamma': 0.19579113478929644, 'learning_rate': 0.030808390262549633, 'max_depth': 4, 'reg_alpha': 0.03896313231023363, 'reg_lambda': 0.6182538843378929, 'scale_pos_weight': 4.0, 'subsample': 0.6284754593840916}",0.9810370867595235,0.9832127443513582,0.9884867729318249,0.990757875257602,0.9848172603776759,0.9856623479355967,0.0035227701286339157,8,0.9300637690887732,0.933073115003808,0.934053917651512,0.9624742398115826,0.9480064768473736,0.94153430368061,0.012161340415111159,14
0.7468020915985107,0.01622967890173105,0.123984956741333,0.004893669310509852,0.7275902521175045,0.8448753109694546,0.01698158072074776,4,0.2606945282359031,0.4960374542934062,3.4,0.8786948661456602,"{'colsample_bytree': 0.7275902521175045, 'gamma': 0.8448753109694546, 'learning_rate': 0.01698158072074776, 'max_depth': 4, 'reg_alpha': 0.2606945282359031, 'reg_lambda': 0.4960374542934062, 'scale_pos_weight': 3.4, 'subsample': 0.8786948661456602}",0.9808482966940762,0.98004992806973,0.9894330655675653,0.9907158178071245,0.9837132523026454,0.9849520720882283,0.004375082403769157,25,0.9203515690552105,0.9453329948379452,0.9390166968078395,0.9589624426967237,0.9450098835008622,0.9417347173797163,0.012530726247769658,13
0.5754631996154785,0.008252123059310806,0.12854723930358886,0.0033335127428181692,0.8515771387119535,0.877472013527053,0.23052131314116572,7,0.9675805515202475,0.5479718832480873,3.0,0.9002459006563434,"{'colsample_bytree': 0.8515771387119535, 'gamma': 0.877472013527053, 'learning_rate': 0.23052131314116572, 'max_depth': 7, 'reg_alpha': 0.9675805515202475, 'reg_lambda': 0.5479718832480873, 'scale_pos_weight': 3.0, 'subsample': 0.9002459006563434}",0.9779325390166135,0.9813721756791064,0.9878138537241873,0.9899167262480549,0.9836606804895488,0.9841391950315023,0.004319512347858621,55,0.9245888571908037,0.9337501057798085,0.9377760020187575,0.9614438322748875,0.9347794086722463,0.9384676411873007,0.012303353740019285,65
0.5890627384185791,0.013646655881187266,0.11687731742858887,0.003509069273025478,0.9227338957069056,0.9905051420006733,0.13378530307342795,4,0.25001644921610466,0.5805440123439098,4.0,0.9723029302414259,"{'colsample_bytree': 0.9227338957069056, 'gamma': 0.9905051420006733, 'learning_rate': 0.13378530307342795, 'max_depth': 4, 'reg_alpha': 0.25001644921610466, 'reg_lambda': 0.5805440123439098, 'scale_pos_weight': 4.0, 'subsample': 0.9723029302414259}",0.9756460815573083,0.9835300837776085,0.9887811750851663,0.9902321571266349,0.9843335996971863,0.9845046194487809,0.005109721657131952,42,0.9270641047155561,0.9355483625285606,0.9432539849434327,0.9644404256213989,0.946250578289944,0.9433114912197784,0.012484527576322691,5
0.7254720687866211,0.01856721832252795,0.12449164390563965,0.0045107588424227575,0.9433651007372047,0.42899402737501835,0.2352613203374492,11,0.23823615240397944,0.37772888617629485,3.0,0.8021009489791429,"{'colsample_bytree': 0.9433651007372047, 'gamma': 0.42899402737501835, 'learning_rate': 0.2352613203374492, 'max_depth': 11, 'reg_alpha': 0.23823615240397944, 'reg_lambda': 0.37772888617629485, 'scale_pos_weight': 3.0, 'subsample': 0.8021009489791429}",0.97635928847122,0.981964542608107,0.9852273205198301,0.9881503133280061,0.9838499390166968,0.9831102807887719,0.003932416375813563,86,0.9203515690552105,0.93510408733181,0.934053917651512,0.9621693232956219,0.9457353745215965,0.9394828543711503,0.013917060846481142,51
0.647594690322876,0.009140073348624649,0.12016749382019043,0.006886192120401343,0.9305829864430967,0.32004960103061175,0.27865696854886013,3,0.053485296747368904,0.9585414968831983,4.0,0.6365146707144534,"{'colsample_bytree': 0.9305829864430967, 'gamma': 0.32004960103061175, 'learning_rate': 0.27865696854886013, 'max_depth': 3, 'reg_alpha': 0.053485296747368904, 'reg_lambda': 0.9585414968831983, 'scale_pos_weight': 4.0, 'subsample': 0.6365146707144534}",0.9762753817754656,0.9841436066683592,0.98808722715229,0.987645623922278,0.9847962316524372,0.9841896142341661,0.004245952572096391,53,0.9203515690552105,0.9497228569010747,0.9303318332842664,0.955450645581865,0.9293014257475712,0.9370316661139976,0.01329056162990368,83
0.6295719146728516,0.008921151906943132,0.12477297782897949,0.013443429942306961,0.7277254550361659,0.9500619670508049,0.2951821440812668,5,0.49302565777180496,0.08328441119525964,3.0,0.7172843086792258,"{'colsample_bytree': 0.7277254550361659, 'gamma': 0.9500619670508049, 'learning_rate': 0.2951821440812668, 'max_depth': 5, 'reg_alpha': 0.49302565777180496, 'reg_lambda': 0.08328441119525964, 'scale_pos_weight': 3.0, 'subsample': 0.7172843086792258}",0.9758558482966941,0.9820280104933571,0.9858371535517517,0.9882133995037221,0.9853009210581656,0.9834470665807382,0.004278026107922783,72,0.92582648095318,0.9497228569010747,0.9303318332842664,0.9614438322748875,0.9360201034613282,0.9406690213749475,0.013132673811710403,28
0.645651388168335,0.011104440507363093,0.12089905738830567,0.0022562021888292466,0.7314658181479664,0.6725184560770384,0.235712358831304,9,0.7812960504712025,0.11346460201744801,3.0,0.7977681218810326,"{'colsample_bytree': 0.7314658181479664, 'gamma': 0.6725184560770384, 'learning_rate': 0.235712358831304, 'max_depth': 9, 'reg_alpha': 0.7812960504712025, 'reg_lambda': 0.11346460201744801, 'scale_pos_weight': 3.0, 'subsample': 0.7977681218810326}",0.975310454774291,0.9826838453076078,0.9889914623375531,0.9883395718551542,0.986562644572486,0.9843775957694184,0.005036691253922237,48,0.9245888571908037,0.9472476093763222,0.946250578289944,0.96092862850654,0.9390166968078395,0.94360647403429,0.01185784124407433,4
0.7550736904144287,0.012992606349044535,0.13043127059936524,0.006106123854233073,0.6230235040066577,0.5495288823237355,0.1424591504120131,9,0.5459157701649889,0.7058314838786945,4.0,0.6571966728211344,"{'colsample_bytree': 0.6230235040066577, 'gamma': 0.5495288823237355, 'learning_rate': 0.1424591504120131, 'max_depth': 9, 'reg_alpha': 0.5459157701649889, 'reg_lambda': 0.7058314838786945, 'scale_pos_weight': 4.0, 'subsample': 0.6571966728211344}",0.9804287632153046,0.9816895151053567,0.9868675610884469,0.9897484964461455,0.982609244227615,0.9842687160165738,0.0034909411550086084,51,0.9203515690552105,0.946009985613946,0.9328132228624301,0.9626845270639696,0.9390166968078395,0.9401752002806791,0.014065786212572876,40
0.9343109607696534,0.013613371817024345,0.12608113288879394,0.011569928476861228,0.9046042526869889,0.6182180633162611,0.04033680283683707,9,0.4260914750469411,0.22257641757103053,3.0,0.9287440237161425,"{'colsample_bytree': 0.9046042526869889, 'gamma': 0.6182180633162611, 'learning_rate': 0.04033680283683707, 'max_depth': 9, 'reg_alpha': 0.4260914750469411, 'reg_lambda': 0.22257641757103053, 'scale_pos_weight': 3.0, 'subsample': 0.9287440237161425}",0.9774920288639034,0.9827896251163578,0.988865289986121,0.9902742145771123,0.9854270934095976,0.9849696503906185,0.004564887667303554,23,0.9215891928175868,0.9417364813404417,0.9402573915969215,0.9621693232956219,0.9372607982504101,0.9406026374601965,0.012955351798052156,31
0.7962469577789306,0.022888461495440906,0.1308415412902832,0.009799690856408205,0.8824968908625985,0.08134878064189976,0.03545131422555758,5,0.5813054172267823,0.8631385219890039,3.4,0.925119826903001,"{'colsample_bytree': 0.8824968908625985, 'gamma': 0.08134878064189976, 'learning_rate': 0.03545131422555758, 'max_depth': 5, 'reg_alpha': 0.5813054172267823, 'reg_lambda': 0.8631385219890039, 'scale_pos_weight': 3.4, 'subsample': 0.925119826903001}",0.980554623258936,0.982853093001608,0.9891176346889852,0.9907789039828406,0.9847752029271986,0.9856158915719136,0.0038177258227046905,9,0.9215891928175868,0.9417364813404417,0.9402573915969215,0.9517285612146192,0.9432539849434327,0.9397131223826005,0.009897226998793142,46
0.5991123676300049,0.01672812647825302,0.11997804641723633,0.009914623622718366,0.9788994309535435,0.9860010638228709,0.2360134555776825,8,0.7081811955831998,0.48166698796411533,3.4,0.882033745718664,"{'colsample_bytree': 0.9788994309535435, 'gamma': 0.9860010638228709, 'learning_rate': 0.2360134555776825, 'max_depth': 8, 'reg_alpha': 0.7081811955831998, 'reg_lambda': 0.48166698796411533, 'scale_pos_weight': 3.4, 'subsample': 0.882033745718664}",0.9764222184930358,0.9828742489633578,0.9879189973503806,0.9885498591075409,0.9840181688186063,0.9839566985465844,0.004352948451823948,59,0.9191139452928343,0.938023610053313,0.9402573915969215,0.9664066114312151,0.9432539849434327,0.9414111086635433,0.01508735268942753,16
0.6360157489776611,0.012037435844546166,0.12307243347167969,0.007857755722753903,0.6994896617721151,0.3302525290190985,0.1403355533464814,4,0.46866064199412627,0.05630327568183735,3.0,0.9291161407506773,"{'colsample_bytree': 0.6994896617721151, 'gamma': 0.3302525290190985, 'learning_rate': 0.1403355533464814, 'max_depth': 4, 'reg_alpha': 0.46866064199412627, 'reg_lambda': 0.05630327568183735, 'scale_pos_weight': 3.0, 'subsample': 0.9291161407506773}",0.9755621748615539,0.9833608360836084,0.9887601463599277,0.9895382091937587,0.9855532657610295,0.9845549264519757,0.005016155813163118,41,0.9191139452928343,0.9466869763899466,0.9360201034613282,0.9639252218530514,0.9360201034613282,0.9403532700916978,0.014726943534330348,35
0.8369367122650146,0.03141686323505968,0.15053062438964843,0.02996172188642038,0.8976846627773192,0.681039427096909,0.08125194138774097,11,0.37487057952370406,0.28571208628186073,3.0,0.6894383354077811,"{'colsample_bytree': 0.8976846627773192, 'gamma': 0.681039427096909, 'learning_rate': 0.08125194138774097, 'max_depth': 11, 'reg_alpha': 0.37487057952370406, 'reg_lambda': 0.28571208628186073, 'scale_pos_weight': 3.0, 'subsample': 0.6894383354077811}",0.9786457459305253,0.9826626893458577,0.9882975144046768,0.9898746687975776,0.9848172603776759,0.9848595757712626,0.0040102459265739555,30,0.9215891928175868,0.9399382245916899,0.9402573915969215,0.9566913403709467,0.9360201034613282,0.9388992505676945,0.011201875387781815,62
0.9219728469848633,0.01878794068731756,0.1230048656463623,0.0015950155571723243,0.9852890157762445,0.012154474689816341,0.3009636480122917,7,0.04340078329817276,0.924643330223596,3.0,0.7011960671956965,"{'colsample_bytree': 0.9852890157762445, 'gamma': 0.012154474689816341, 'learning_rate': 0.3009636480122917, 'max_depth': 7, 'reg_alpha': 0.04340078329817276, 'reg_lambda': 0.924643330223596, 'scale_pos_weight': 3.0, 'subsample': 0.7011960671956965}",0.972205907031381,0.9813933316408564,0.9841758842578963,0.9888442612608823,0.9816208941413972,0.9816480556664826,0.005429458265231727,98,0.9136390333948649,0.9313912160446813,0.9255793413803256,0.950698153677924,0.9372607982504101,0.9317137085496412,0.012293150165125112,99
0.6307427883148193,0.020357996294686292,0.12562994956970214,0.015980586099295483,0.878164449242659,0.07543454708976927,0.05986462957277588,3,0.6957486889846172,0.45454106476777323,3.0,0.8787700223455259,"{'colsample_bytree': 0.878164449242659, 'gamma': 0.07543454708976927, 'learning_rate': 0.05986462957277588, 'max_depth': 3, 'reg_alpha': 0.6957486889846172, 'reg_lambda': 0.45454106476777323, 'scale_pos_weight': 3.0, 'subsample': 0.8787700223455259}",0.9804497398892432,0.9846725057121096,0.9893068932161332,0.9914728519157169,0.9854691508600749,0.9862742283186556,0.003830432721542279,2,0.9313013928511494,0.9367859862909368,0.9439794759641671,0.9614438322748875,0.9420132901543508,0.9431047955070981,0.010173734649341775,6
0.6635408401489258,0.01584928611065916,0.11742539405822754,0.008352318321488323,0.753680732551688,0.7371007058430192,0.2845763025007319,12,0.9504114840765587,0.8902637838909163,3.0,0.710952473192453,"{'colsample_bytree': 0.753680732551688, 'gamma': 0.7371007058430192, 'learning_rate': 0.2845763025007319, 'max_depth': 12, 'reg_alpha': 0.9504114840765587, 'reg_lambda': 0.8902637838909163, 'scale_pos_weight': 3.0, 'subsample': 0.710952473192453}",0.9798414163450243,0.9823453499196073,0.9885078016570636,0.988024140976574,0.9852798923329268,0.9847997202462393,0.0033162036519309955,33,0.922826816579963,0.942974105102818,0.9303318332842664,0.9651659166421332,0.9420132901543508,0.9406623923527062,0.01436955014691724,30
0.6563438415527344,0.007422493519773918,0.11858034133911133,0.004343551840113169,0.6752484638895045,0.46369840493998216,0.11600566840781584,4,0.26593792496423896,0.36034509520526825,4.0,0.879264685607898,"{'colsample_bytree': 0.6752484638895045, 'gamma': 0.46369840493998216, 'learning_rate': 0.11600566840781584, 'max_depth': 4, 'reg_alpha': 0.26593792496423896, 'reg_lambda': 0.36034509520526825, 'scale_pos_weight': 4.0, 'subsample': 0.879264685607898}",0.9782891424735694,0.9841859185918592,0.9890545485132691,0.9885288303823023,0.9855112083105523,0.9851139296543104,0.003867474082622027,19,0.9191139452928343,0.949045866125074,0.9315725280733481,0.9626845270639696,0.9347794086722463,0.9394392550454945,0.015028954891577483,53
0.6720981121063232,0.006828176013971544,0.11874151229858398,0.004445846953579743,0.8144385465376481,0.30952761628632774,0.2541385059120846,14,0.2709576425151299,0.1331851252237497,4.0,0.9290148971692676,"{'colsample_bytree': 0.8144385465376481, 'gamma': 0.30952761628632774, 'learning_rate': 0.2541385059120846, 'max_depth': 14, 'reg_alpha': 0.2709576425151299, 'reg_lambda': 0.1331851252237497, 'scale_pos_weight': 4.0, 'subsample': 0.9290148971692676}",0.9758558482966941,0.9814356435643564,0.9888652899861211,0.9868465323632082,0.9825671867771375,0.9831141001975034,0.00453444121079149,85,0.9161142809196173,0.9258800880088008,0.9395319005761871,0.9512133574462717,0.9287862219792236,0.9323051697860201,0.012046200648370052,98
0.7023619651794434,0.013375320854913386,0.12505202293395995,0.011568736502118857,0.9799199653167696,0.72571950838836,0.19402455878073696,4,0.08274842003530614,0.8766614859257927,4.0,0.6180874680424757,"{'colsample_bytree': 0.9799199653167696, 'gamma': 0.72571950838836, 'learning_rate': 0.19402455878073696, 'max_depth': 4, 'reg_alpha': 0.08274842003530614, 'reg_lambda': 0.8766614859257927, 'scale_pos_weight': 4.0, 'subsample': 0.6180874680424757}",0.9773242154723947,0.9834666158923585,0.9877297388232326,0.9882975144046768,0.9851957774319721,0.9844027724049269,0.0039458569418870946,45,0.9263508978016445,0.9435347380891935,0.9345691214198596,0.9572065441392943,0.9280607309584893,0.9379444064816962,0.011364601086119773,69
0.5547819614410401,0.015315025398179706,0.12374930381774903,0.010692485725565958,0.6105467897989008,0.3764633668780496,0.25316599923454985,3,0.37673896993794076,0.7495782999760721,3.0,0.9879657591258413,"{'colsample_bytree': 0.6105467897989008, 'gamma': 0.3764633668780496, 'learning_rate': 0.25316599923454985, 'max_depth': 3, 'reg_alpha': 0.37673896993794076, 'reg_lambda': 0.7495782999760721, 'scale_pos_weight': 3.0, 'subsample': 0.9879657591258413}",0.9763383117972815,0.983085808580858,0.9910522774109434,0.9893279219413719,0.9861000126172352,0.985180866469538,0.0051980074232135225,17,0.9245888571908037,0.9404988575780655,0.9469760693106785,0.9602031374858057,0.9420132901543508,0.9428560423439409,0.011470422283072938,7
0.6063309669494629,0.004661574256379004,0.11601190567016602,0.0018656480921865099,0.9368475692542835,0.8383287047111379,0.15060794793849108,5,0.1338521188006332,0.013671964826997285,4.0,0.9458889505020213,"{'colsample_bytree': 0.9368475692542835, 'gamma': 0.8383287047111379, 'learning_rate': 0.15060794793849108, 'max_depth': 5, 'reg_alpha': 0.1338521188006332, 'reg_lambda': 0.013671964826997285, 'scale_pos_weight': 4.0, 'subsample': 0.9458889505020213}",0.9753524081221681,0.9817318270288568,0.98634184295748,0.9895171804685199,0.9841653698952768,0.9834217256944603,0.004779211315945597,74,0.9245888571908037,0.9435347380891935,0.9255793413803256,0.9626845270639696,0.9390166968078395,0.9390808321064263,0.013923242411669949,59
0.5592385768890381,0.009705378578190515,0.11418986320495605,0.006805354625408431,0.925160403652031,0.9997176732861306,0.3089910511221716,7,0.585149532325472,0.7261208440718481,3.4,0.9398589562709646,"{'colsample_bytree': 0.925160403652031, 'gamma': 0.9997176732861306, 'learning_rate': 0.3089910511221716, 'max_depth': 7, 'reg_alpha': 0.585149532325472, 'reg_lambda': 0.7261208440718481, 'scale_pos_weight': 3.4, 'subsample': 0.9398589562709646}",0.9719961402919952,0.9814039096217314,0.9872040206922656,0.9895382091937587,0.9849644614543467,0.9830213482508195,0.006130436077114736,87,0.9203515690552105,0.9349877295421849,0.940772595365269,0.9664066114312151,0.9420132901543508,0.940906359109646,0.014893190576095335,25
0.7800983905792236,0.0297491505507978,0.1522594928741455,0.02424521885520921,0.6989392406972791,0.4505441353100935,0.048747824545448494,5,0.2747317970259088,0.20722764900805646,3.0,0.8686802737623427,"{'colsample_bytree': 0.6989392406972791, 'gamma': 0.4505441353100935, 'learning_rate': 0.048747824545448494, 'max_depth': 5, 'reg_alpha': 0.2747317970259088, 'reg_lambda': 0.20722764900805646, 'scale_pos_weight': 3.0, 'subsample': 0.8686802737623427}",0.9788345359959725,0.9837416433951088,0.9893489506666105,0.9903793582033057,0.9846280018505278,0.985386498022305,0.004167463337021672,12,0.922826816579963,0.9454493526275705,0.9414980863860033,0.967647306220297,0.9360201034613282,0.9426883330550325,0.014635131569489071,8
1.0718464851379395,0.039264924056626904,0.1349950313568115,0.025538365885662894,0.8472512961831583,0.3581627180328405,0.04406727765988871,12,0.49816518664589293,0.4762106967890142,4.0,0.8080654004447974,"{'colsample_bytree': 0.8472512961831583, 'gamma': 0.3581627180328405, 'learning_rate': 0.04406727765988871, 'max_depth': 12, 'reg_alpha': 0.49816518664589293, 'reg_lambda': 0.4762106967890142, 'scale_pos_weight': 4.0, 'subsample': 0.8080654004447974}",0.9781842591038765,0.9834877718541085,0.9889704336123144,0.9888863187113598,0.9851326912562561,0.9849322949075832,0.003990079227187566,27,0.9203515690552105,0.9404988575780655,0.9358098162089413,0.9596879337174581,0.9414980863860033,0.9395692525891357,0.012592050015000135,49
0.7513600826263428,0.011736010443624564,0.11608119010925293,0.0034405124100893246,0.940872600127416,0.5519068387744855,0.1782813914606159,13,0.40348286621239704,0.13401522845064073,4.0,0.76821431146603,"{'colsample_bytree': 0.940872600127416, 'gamma': 0.5519068387744855, 'learning_rate': 0.1782813914606159, 'max_depth': 13, 'reg_alpha': 0.40348286621239704, 'reg_lambda': 0.13401522845064073, 'scale_pos_weight': 4.0, 'subsample': 0.76821431146603}",0.9777647256251049,0.9793200473893543,0.9878348824494259,0.9898956975228161,0.9839550826428901,0.9837540871259183,0.0046892606562301984,63,0.9191139452928343,0.9404988575780655,0.9370505109980233,0.9584472389283762,0.9287862219792236,0.9367793549553045,0.013110013688375282,84
0.6597811698913574,0.011594785547578394,0.12178325653076172,0.006365387715413187,0.9138673055777238,0.6393613569742423,0.25151340025580854,9,0.13637147558676976,0.014544665667881929,3.4,0.8432351398167541,"{'colsample_bytree': 0.9138673055777238, 'gamma': 0.6393613569742423, 'learning_rate': 0.25151340025580854, 'max_depth': 9, 'reg_alpha': 0.13637147558676976, 'reg_lambda': 0.014544665667881929, 'scale_pos_weight': 3.4, 'subsample': 0.8432351398167541}",0.9711360966605135,0.9806740289413557,0.9874143079446523,0.9885498591075409,0.9839340539176515,0.9823416693143429,0.006247477167958223,94,0.9245888571908037,0.9369023440805618,0.934053917651512,0.9591727299491106,0.9457353745215965,0.940090644678717,0.011686759195698997,42
0.719610071182251,0.012456015572094895,0.14206604957580565,0.030376833596222962,0.854657728648913,0.5548156085422257,0.037300627315399085,4,0.34825546702330035,0.5139894891598108,4.0,0.7586171129285081,"{'colsample_bytree': 0.854657728648913, 'gamma': 0.5548156085422257, 'learning_rate': 0.037300627315399085, 'max_depth': 4, 'reg_alpha': 0.34825546702330035, 'reg_lambda': 0.5139894891598108, 'scale_pos_weight': 4.0, 'subsample': 0.7586171129285081}",0.9803238798456116,0.984037826859609,0.9892438070404173,0.9912835933885688,0.9845859444000505,0.9858950103068513,0.003910282488836954,5,0.9300637690887732,0.933073115003808,0.9352946124405939,0.9582369516759894,0.9450098835008622,0.9403356663420054,0.010256442582247635,37
0.660183334350586,0.01711766531357487,0.1262277603149414,0.007066740680145325,0.8488346800911494,0.8623637087467452,0.2948561870972926,6,0.45934680794617244,0.8420914150187097,3.0,0.7032977553195834,"{'colsample_bytree': 0.8488346800911494, 'gamma': 0.8623637087467452, 'learning_rate': 0.2948561870972926, 'max_depth': 6, 'reg_alpha': 0.45934680794617244, 'reg_lambda': 0.8420914150187097, 'scale_pos_weight': 3.0, 'subsample': 0.7032977553195834}",0.97990434636684,0.983106964542608,0.9867413887370148,0.9897484964461455,0.9861210413424738,0.9851244474870164,0.0033558671079454336,18,0.9270641047155561,0.9424134721164423,0.9365353072296757,0.9626845270639696,0.9322980190940826,0.9401990860439453,0.012319711296830738,39
0.7236031532287598,0.010384039529727015,0.11900095939636231,0.0023370139349582235,0.7836543024953045,0.980032575285477,0.15778542819786087,13,0.5796499344717384,0.34156321045654503,4.0,0.6515518887642596,"{'colsample_bytree': 0.7836543024953045, 'gamma': 0.980032575285477, 'learning_rate': 0.15778542819786087, 'max_depth': 13, 'reg_alpha': 0.5796499344717384, 'reg_lambda': 0.34156321045654503, 'scale_pos_weight': 4.0, 'subsample': 0.6515518887642596}",0.9757929182748784,0.98496868917661,0.9867413887370148,0.9887601463599277,0.9852588636076882,0.9843044012312239,0.004462962956915069,50,0.9203515690552105,0.9422971143268173,0.9310573243050007,0.9596879337174581,0.9360201034613282,0.937882808973163,0.013056422501661927,72
0.9952665805816651,0.023029959225035777,0.12774462699890138,0.00816597357223909,0.6512183355831089,0.15190269351229435,0.051648151794823044,10,0.18006727234929853,0.696501466227079,3.0,0.9587153639624048,"{'colsample_bytree': 0.6512183355831089, 'gamma': 0.15190269351229435, 'learning_rate': 0.051648151794823044, 'max_depth': 10, 'reg_alpha': 0.18006727234929853, 'reg_lambda': 0.696501466227079, 'scale_pos_weight': 3.0, 'subsample': 0.9587153639624048}",0.9765271018627286,0.982154946263857,0.9896223240947134,0.9883606005803929,0.9853219497834041,0.9843973845170192,0.004708115853821274,46,0.9215891928175868,0.9399382245916899,0.9382912057871051,0.9634100180847038,0.9372607982504101,0.9400978879062991,0.013396759889698793,41
0.8980722427368164,0.025752516102470237,0.14065032005310057,0.016514933458532853,0.7895846561051489,0.6675577385210272,0.06169596136048895,12,0.2238490659063206,0.8217906368444492,3.4,0.7114361356127834,"{'colsample_bytree': 0.7895846561051489, 'gamma': 0.6675577385210272, 'learning_rate': 0.06169596136048895, 'max_depth': 12, 'reg_alpha': 0.2238490659063206, 'reg_lambda': 0.8217906368444492, 'scale_pos_weight': 3.4, 'subsample': 0.7114361356127834}",0.9770515187111931,0.983128120504358,0.9893699793918492,0.9888652899861211,0.9845859444000505,0.9846001705987144,0.004474183690817815,40,0.9215891928175868,0.946009985613946,0.9420132901543508,0.9626845270639696,0.9402573915969215,0.9425108774493548,0.013132117697882395,9
1.1615435123443603,0.10981135176326347,0.1334092140197754,0.004995788162844662,0.6708041937106987,0.08870253375705561,0.04619076133018024,11,0.3559914842719861,0.8942172628959257,3.0,0.8013669083419428,"{'colsample_bytree': 0.6708041937106987, 'gamma': 0.08870253375705561, 'learning_rate': 0.04619076133018024, 'max_depth': 11, 'reg_alpha': 0.3559914842719861, 'reg_lambda': 0.8942172628959257, 'scale_pos_weight': 3.0, 'subsample': 0.8013669083419428}",0.9779325390166135,0.9824299737666075,0.9892648357656559,0.9889914623375532,0.9845438869495731,0.9846325395672005,0.004247529601039753,37,0.922826816579963,0.942974105102818,0.9377760020187575,0.9646507128737857,0.9414980863860033,0.9419451445922654,0.013414124403352342,11
0.8180705547332764,0.07987979090210359,0.12616920471191406,0.011553770486253025,0.876157931451746,0.039312139841098936,0.24982311967271278,11,0.687784717096083,0.5116570135472612,4.0,0.9683489602127253,"{'colsample_bytree': 0.876157931451746, 'gamma': 0.039312139841098936, 'learning_rate': 0.24982311967271278, 'max_depth': 11, 'reg_alpha': 0.687784717096083, 'reg_lambda': 0.5116570135472612, 'scale_pos_weight': 4.0, 'subsample': 0.9683489602127253}",0.9772822621245175,0.9817529829906066,0.9876666526475165,0.9867624174622533,0.9840602262690835,0.9835049082987956,0.0037424705133902387,69,0.92582648095318,0.9283553355335533,0.9365353072296757,0.955450645581865,0.9360201034613282,0.9364375745519204,0.010388441641446948,86
0.6250234127044678,0.00734756239118578,0.12332715988159179,0.014459566398337783,0.6244311839419455,0.2768776481472037,0.2518603839379184,3,0.5972780822554306,0.9862569958668151,4.0,0.7481888411165528,"{'colsample_bytree': 0.6244311839419455, 'gamma': 0.2768776481472037, 'learning_rate': 0.2518603839379184, 'max_depth': 3, 'reg_alpha': 0.5972780822554306, 'reg_lambda': 0.9862569958668151, 'scale_pos_weight': 4.0, 'subsample': 0.7481888411165528}",0.9779954690384293,0.9835512397393584,0.9896854102704294,0.9896854102704294,0.9840602262690836,0.9849955511175461,0.0043806751715107515,21,0.920875985903675,0.9404988575780655,0.9310573243050007,0.9584472389283762,0.9280607309584893,0.9357880275347213,0.0129621867885817,93
0.7523219585418701,0.010248665711347651,0.1321641445159912,0.0011690119931451113,0.7938091940764085,0.618254771530296,0.12067409187093171,10,0.7205160613914648,0.06234136251124145,4.0,0.7009747777376083,"{'colsample_bytree': 0.7938091940764085, 'gamma': 0.618254771530296, 'learning_rate': 0.12067409187093171, 'max_depth': 10, 'reg_alpha': 0.7205160613914648, 'reg_lambda': 0.06234136251124145, 'scale_pos_weight': 4.0, 'subsample': 0.7009747777376083}",0.9780583990602449,0.9828530930016078,0.988486772931825,0.989643352819952,0.985006518904824,0.9848096273436908,0.00415529007194409,32,0.9215891928175868,0.9417364813404417,0.940772595365269,0.9626845270639696,0.9372607982504101,0.9408087189675355,0.013125478693371925,26
0.7200523853302002,0.013822737541483634,0.13165416717529296,0.007342557725770576,0.885339834353821,0.8952068376871993,0.16350323263469985,14,0.10717201133977605,0.44741236682345464,4.0,0.758865533001633,"{'colsample_bytree': 0.885339834353821, 'gamma': 0.8952068376871993, 'learning_rate': 0.16350323263469985, 'max_depth': 14, 'reg_alpha': 0.10717201133977605, 'reg_lambda': 0.44741236682345464, 'scale_pos_weight': 4.0, 'subsample': 0.758865533001633}",0.9767997986239302,0.9813087077938564,0.9852273205198301,0.9906737603566472,0.9853640072338815,0.983874718905629,0.0046241406882188705,61,0.9203515690552105,0.9331894727934331,0.9358098162089413,0.9596879337174581,0.9402573915969215,0.9378592366743929,0.012765331222042502,73
0.7813822746276855,0.002234853675243162,0.12471170425415039,0.004632030278901509,0.6419476666129923,0.7374052060938191,0.06468516354278742,9,0.3220791655831783,0.21144800699654465,3.4,0.8141342256062094,"{'colsample_bytree': 0.6419476666129923, 'gamma': 0.7374052060938191, 'learning_rate': 0.06468516354278742, 'max_depth': 9, 'reg_alpha': 0.3220791655831783, 'reg_lambda': 0.21144800699654465, 'scale_pos_weight': 3.4, 'subsample': 0.8141342256062094}",0.9785198858868938,0.9843340103241094,0.9899377549732935,0.9892648357656559,0.9852168061572109,0.9854546586214326,0.0040992463222198185,11,0.9203515690552105,0.9404988575780655,0.9395319005761871,0.9651659166421332,0.9402573915969215,0.9411611270897036,0.014235008569204833,23
0.7387288570404053,0.02043454861222741,0.12397871017456055,0.007563817418917849,0.6932865646199204,0.34292686427826025,0.15219098242916684,12,0.7891712386073383,0.4984421989290573,4.0,0.8336797938856677,"{'colsample_bytree': 0.6932865646199204, 'gamma': 0.34292686427826025, 'learning_rate': 0.15219098242916684, 'max_depth': 12, 'reg_alpha': 0.7891712386073383, 'reg_lambda': 0.4984421989290573, 'scale_pos_weight': 4.0, 'subsample': 0.8336797938856677}",0.9790023493874811,0.9832762122366082,0.9891807208647012,0.9902742145771124,0.9847541742019599,0.9852975342535725,0.004095285597849747,14,0.9178763215304581,0.9387006008293136,0.9450098835008622,0.96092862850654,0.9360201034613282,0.9397071075657004,0.013925966089672974,47
0.6391794681549072,0.014839241022616755,0.12481474876403809,0.004974490528251062,0.8947289901579651,0.5577422659504374,0.18596063039822772,14,0.12758030279556376,0.28377590579872447,3.4,0.9598589588580049,"{'colsample_bytree': 0.8947289901579651, 'gamma': 0.5577422659504374, 'learning_rate': 0.18596063039822772, 'max_depth': 14, 'reg_alpha': 0.12758030279556376, 'reg_lambda': 0.28377590579872447, 'scale_pos_weight': 3.4, 'subsample': 0.9598589588580049}",0.9778276556469205,0.9814991114496064,0.9868465323632082,0.9873722504941751,0.983387307061446,0.9833865714030713,0.0035304678914852452,75,0.9173519046819935,0.9344270965558094,0.940772595365269,0.9634100180847038,0.9317828153257349,0.9375488860027021,0.015033972525507729,76
0.8090047359466552,0.00883419866076763,0.13827934265136718,0.008971066292985275,0.8430220889174291,0.24435315546465453,0.15947430935468207,8,0.6057748193568872,0.23722679173599448,3.4,0.6901331190850113,"{'colsample_bytree': 0.8430220889174291, 'gamma': 0.24435315546465453, 'learning_rate': 0.15947430935468207, 'max_depth': 8, 'reg_alpha': 0.6057748193568872, 'reg_lambda': 0.23722679173599448, 'scale_pos_weight': 3.4, 'subsample': 0.6901331190850113}",0.9753943614700453,0.9846301937886096,0.9889283761618372,0.9880661984270513,0.9831139336333432,0.9840266126961774,0.004817854136195769,58,0.9215891928175868,0.9369023440805618,0.9285759347268369,0.9566913403709467,0.9360201034613282,0.935955783091452,0.011762011124710975,91
0.7305114269256592,0.019387549151025214,0.12263617515563965,0.006351662160025653,0.7461427278696231,0.4878098008087379,0.26524525535084387,10,0.8967654246264252,0.08023374566164221,4.0,0.6072969925713444,"{'colsample_bytree': 0.7461427278696231, 'gamma': 0.4878098008087379, 'learning_rate': 0.26524525535084387, 'max_depth': 10, 'reg_alpha': 0.8967654246264252, 'reg_lambda': 0.08023374566164221, 'scale_pos_weight': 4.0, 'subsample': 0.6072969925713444}",0.9769046819936231,0.9816048912583566,0.9850801194431593,0.9856689237498423,0.9830718761828658,0.9824660985255693,0.003134619375420923,92,0.9221136096660513,0.9387006008293136,0.9290911384951844,0.955450645581865,0.9293014257475712,0.9349314840639972,0.011535573914443627,94
0.5358669757843018,0.018165667961947417,0.11966524124145508,0.008042584510898943,0.8787845849465685,0.9972555347683943,0.27898307889220625,6,0.9694704332753689,0.8655071258939803,3.4,0.990026865178057,"{'colsample_bytree': 0.8787845849465685, 'gamma': 0.9972555347683943, 'learning_rate': 0.27898307889220625, 'max_depth': 6, 'reg_alpha': 0.9694704332753689, 'reg_lambda': 0.8655071258939803, 'scale_pos_weight': 3.4, 'subsample': 0.990026865178057}",0.9779849807014599,0.9818904967419819,0.9881713420532446,0.9894120368423265,0.9862787567817639,0.9847475226241554,0.004236023620509677,34,0.9203515690552105,0.9355483625285606,0.9390166968078395,0.9602031374858057,0.940772595365269,0.939178472248537,0.012745461377083838,57
0.5662902355194092,0.012167812857800771,0.12689509391784667,0.0045103883617031515,0.7962995117035138,0.7228960966217757,0.2562584419460058,4,0.5567628930139298,0.5716126894698998,4.0,0.93543302348105,"{'colsample_bytree': 0.7962995117035138, 'gamma': 0.7228960966217757, 'learning_rate': 0.2562584419460058, 'max_depth': 4, 'reg_alpha': 0.5567628930139298, 'reg_lambda': 0.5716126894698998, 'scale_pos_weight': 4.0, 'subsample': 0.93543302348105}",0.9775969122335962,0.9849263772531098,0.9874353366698911,0.9898536400723388,0.9850906338057788,0.9849805800069429,0.004106242667928047,22,0.9191139452928343,0.949045866125074,0.9310573243050007,0.957721747907642,0.9377760020187575,0.9389429771298616,0.013501455128629792,61
0.5713069915771485,0.011626718323640156,0.12046003341674805,0.008047914572952137,0.6820310240597837,0.9679940665042343,0.2232857436510245,6,0.507610378684455,0.24240973241508024,4.0,0.8828920382577778,"{'colsample_bytree': 0.6820310240597837, 'gamma': 0.9679940665042343, 'learning_rate': 0.2232857436510245, 'max_depth': 6, 'reg_alpha': 0.507610378684455, 'reg_lambda': 0.24240973241508024, 'scale_pos_weight': 4.0, 'subsample': 0.8828920382577778}",0.9778905856687364,0.9827261572311078,0.9888232325356436,0.9890545485132691,0.9861841275181897,0.9849357302933892,0.004198859577139279,26,0.9215891928175868,0.9417364813404417,0.9322980190940826,0.9639252218530514,0.9420132901543508,0.9403124410519027,0.013980523447550743,38
0.8416912078857421,0.011475065281434967,0.12757019996643065,0.004779205734784328,0.9071118005771355,0.08729017958967544,0.1618311869078041,6,0.3206421921595143,0.5938830975578988,3.4,0.7346417112775683,"{'colsample_bytree': 0.9071118005771355, 'gamma': 0.08729017958967544, 'learning_rate': 0.1618311869078041, 'max_depth': 6, 'reg_alpha': 0.3206421921595143, 'reg_lambda': 0.5938830975578988, 'scale_pos_weight': 3.4, 'subsample': 0.7346417112775683}",0.9747650612518879,0.9832762122366082,0.9869727047146403,0.9885708878327796,0.9843335996971864,0.9835836931466204,0.004791298009625868,66,0.9203515690552105,0.9326288398070576,0.9358098162089413,0.9596879337174581,0.9342642049038988,0.9365484727385132,0.01279766665176571,85
0.8279073715209961,0.019953928574480712,0.1285222053527832,0.004884054154611764,0.6537658707755897,0.06337497047276774,0.30698806971698356,10,0.8098744458546349,0.25464065476376385,3.0,0.6010843597657318,"{'colsample_bytree': 0.6537658707755897, 'gamma': 0.06337497047276774, 'learning_rate': 0.30698806971698356, 'max_depth': 10, 'reg_alpha': 0.8098744458546349, 'reg_lambda': 0.25464065476376385, 'scale_pos_weight': 3.0, 'subsample': 0.6010843597657318}",0.970506796442356,0.9805894050943555,0.9862156706060479,0.9866572738360601,0.9815998654161584,0.9811138022789955,0.005827159855875489,99,0.9221136096660513,0.9381399678429381,0.9230979518021617,0.9482167640997603,0.9317828153257349,0.9326702217473292,0.009751625527687057,97
0.6467223167419434,0.013145589774958312,0.12447166442871094,0.004512318521241909,0.6466784256566726,0.4731662010518922,0.19183056431675158,5,0.3488682665429953,0.9295291442478258,3.4,0.8983898102194872,"{'colsample_bytree': 0.6466784256566726, 'gamma': 0.4731662010518922, 'learning_rate': 0.19183056431675158, 'max_depth': 5, 'reg_alpha': 0.3488682665429953, 'reg_lambda': 0.9295291442478258, 'scale_pos_weight': 3.4, 'subsample': 0.8983898102194872}",0.9773242154723948,0.9835723957011085,0.9892017495899399,0.9882975144046768,0.985258863607688,0.9847309477551616,0.00422348405535455,35,0.92582648095318,0.957032241685707,0.9365353072296757,0.9639252218530514,0.9372607982504101,0.9441160099944048,0.014129414500085449,3
0.6607457160949707,0.015416057517099265,0.12996821403503417,0.014321290488010903,0.7634073171743667,0.9329380670999546,0.3072788429372172,4,0.18123306616566015,0.0664962673667775,3.4,0.6192378575856351,"{'colsample_bytree': 0.7634073171743667, 'gamma': 0.9329380670999546, 'learning_rate': 0.3072788429372172, 'max_depth': 4, 'reg_alpha': 0.18123306616566015, 'reg_lambda': 0.0664962673667775, 'scale_pos_weight': 3.4, 'subsample': 0.6192378575856351}",0.9755831515354926,0.9837839553186087,0.9864890440341507,0.9882975144046768,0.9836186230390714,0.9835544576664,0.004352169394046223,67,0.9288261453263968,0.9527587374122027,0.9280607309584893,0.9420132901543508,0.9225827480338141,0.9348483303770507,0.010999109578916305,95
0.6979033946990967,0.021276699911450224,0.11465024948120117,0.017033699615438044,0.912605792700566,0.8279408871774919,0.23515057742959405,14,0.1636559428657045,0.16426579793099294,3.0,0.6942766984259999,"{'colsample_bytree': 0.912605792700566, 'gamma': 0.8279408871774919, 'learning_rate': 0.23515057742959405, 'max_depth': 14, 'reg_alpha': 0.1636559428657045, 'reg_lambda': 0.16426579793099294, 'scale_pos_weight': 3.0, 'subsample': 0.6942766984259999}",0.9771983554287632,0.9789392400778539,0.9871199057913109,0.9866362451108214,0.9864154434958152,0.983261837980913,0.004281756923118883,80,0.922826816579963,0.9393775916053143,0.9322980190940826,0.9579320351600287,0.9287862219792236,0.9362441368837224,0.01209462934199975,88
